﻿<words>
  <word>1/2</word>
  <word>aflæsningszone</word>
  <word>afterparty</word>
  <word>alzheimer</word>
  <word>analfasen</word>
  <word>arrangér</word>
  <word>autocamper</word>
  <word>babser</word>
  <word>bananasplit</word>
  <word>basketballfan</word>
  <word>beskaffet</word>
  <word>besnære</word>
  <word>bestikkes</word>
  <word>bling</word>
  <word>bli'r</word>
  <word>bloggeren</word>
  <word>bondagehalløj</word>
  <word>bordtennis</word>
  <word>brandvarm</word>
  <word>checke</word>
  <word>cheerleader</word>
  <word>cheerleaderne</word>
  <word>countrystil</word>
  <word>datede</word>
  <word>dematerialisatoren</word>
  <word>dér</word>
  <word>dérinde</word>
  <word>dét</word>
  <word>discokugle</word>
  <word>dusørjæger</word>
  <word>dusørjægeren</word>
  <word>dødstidspunktet</word>
  <word>dødtravlt</word>
  <word>ebay</word>
  <word>ektoplasma</word>
  <word>escortbureauet</word>
  <word>fandme</word>
  <word>fettucini</word>
  <word>flotteste</word>
  <word>flueﬁske</word>
  <word>fokusér</word>
  <word>foretages</word>
  <word>forkynd</word>
  <word>færde</word>
  <word>genfinansiere</word>
  <word>gennem</word>
  <word>gladeligt</word>
  <word>gladere</word>
  <word>go’e</word>
  <word>grape</word>
  <word>grev</word>
  <word>heroinmisbruger</word>
  <word>hey</word>
  <word>hm</word>
  <word>hmm</word>
  <word>hos</word>
  <word>hva</word>
  <word>hva'</word>
  <word>håndklædedreng</word>
  <word>instrumentsamlingen</word>
  <word>isen</word>
  <word>ka'</word>
  <word>kevlar</word>
  <word>kjortelfolder</word>
  <word>kl</word>
  <word>krematoriumet</word>
  <word>krokettere</word>
  <word>kunsthåndværksgenstandene</word>
  <word>kussemagnet</word>
  <word>kuvøseguf</word>
  <word>lacrosse</word>
  <word>lacrossetræning</word>
  <word>laktosefrit</word>
  <word>laktoseintolerance</word>
  <word>laktoseintolerancen</word>
  <word>laktoseintolerant</word>
  <word>landmandsdatter</word>
  <word>legenden</word>
  <word>lipgloss</word>
  <word>mademoiselle</word>
  <word>makeover</word>
  <word>makeupbillede</word>
  <word>midlands</word>
  <word>mindeceremoni</word>
  <word>mindested</word>
  <word>mindestedet</word>
  <word>mindetur</word>
  <word>mindeturen</word>
  <word>mint</word>
  <word>mirakelmedicin</word>
  <word>misforstået</word>
  <word>mistænke</word>
  <word>mmm</word>
  <word>mr</word>
  <word>mrs</word>
  <word>mums</word>
  <word>napser</word>
  <word>narhoveder</word>
  <word>nedbrydes</word>
  <word>nyvundne</word>
  <word>nødgeneratoren</word>
  <word>observant</word>
  <word>orkestret</word>
  <word>oscarstatuette</word>
  <word>oscaruddelingen</word>
  <word>osv</word>
  <word>parkere</word>
  <word>passér</word>
  <word>pitbull</word>
  <word>plateausandaler</word>
  <word>pyjamasdragter</word>
  <word>pyjamasfest</word>
  <word>renblodede</word>
  <word>sammensværgelsesteorier</word>
  <word>sejrsrække</word>
  <word>shh</word>
  <word>shoppingterapi</word>
  <word>showbiz</word>
  <word>silikonebryster</word>
  <word>si'r</word>
  <word>skanningen</word>
  <word>spasser</word>
  <word>svampethed</word>
  <word>svulmelegemer</word>
  <word>tandflader</word>
  <word>tarot</word>
  <word>tarotmord</word>
  <word>tarotmorder</word>
  <word>tarotmorderen</word>
  <word>tatarsaucen</word>
  <word>technomusik</word>
  <word>tjah</word>
  <word>trimmeren</word>
  <word>troldmandsfamilie</word>
  <word>troldmandsfamilier</word>
  <word>troldmandsskab</word>
  <word>tysksprogede</word>
  <word>uanset</word>
  <word>ufleksibel</word>
  <word>underminere</word>
  <word>underskriv</word>
  <word>ups</word>
  <word>uskikkelige</word>
  <word>utætte</word>
  <word>valiumplaster</word>
  <word>vampyrpigen</word>
  <word>velkomne</word>
  <word>velsigne</word>
  <word>via</word>
  <word>voilà</word>
  <word>voldgravsreplik</word>
  <word>wauw</word>
  <word>youtube</word>
  <word>ægløsningstest</word>
  <word>øko</word>
  <word>årig</word>
  <word>årige</word>
  <word>årigt</word>
</words>