﻿<?xml version="1.0" encoding="utf-8"?>
<OCRFixReplaceList>
  <WholeWords>
    <Word from="Haner" to="Han er" />
    <Word from="JaveL" to="Javel" />
    <Word from="Pa//e" to="Palle" />
    <Word from="bffte" to="bitte" />
    <Word from="Utro//gt" to="Utroligt" />
    <Word from="Kommerdu" to="Kommer du" />
    <Word from="smi/er" to="smiler" />
    <Word from="/eg" to="leg" />
    <Word from="harvinger" to="har vinger" />
    <Word from="/et" to="let" />
    <Word from="erjeres" to="er jeres" />
    <Word from="hardet" to="har det" />
    <Word from="tænktjer" to="tænkt jer" />
    <Word from="erjo" to="er jo" />
    <Word from="sti/" to="stil" />
    <Word from="Iappe" to="lappe" />
    <Word from="Beklagelç" to="Beklager," />
    <Word from="vardet" to="var det" />
    <Word from="afden" to="af den" />
    <Word from="snupperjeg" to="snupper jeg" />
    <Word from="ikkejeg" to="ikke jeg" />
    <Word from="bliverjeg" to="bliver jeg" />
    <Word from="hartravit" to="har travlt" />
    <Word from="pandekagef/ag" to="pandekageflag" />
    <Word from="Stormvarsell" to="Stormvarsel!" />
    <Word from="stormvejn" to="stormvejr." />
    <Word from="morgenkomp/et" to="morgenkomplet" />
    <Word from="/yv" to="lyv" />
    <Word from="varjo" to="var jo" />
    <Word from="/eger" to="leger" />
    <Word from="harjeg" to="har jeg" />
    <Word from="havdejeg" to="havde jeg" />
    <Word from="hvorjeg" to="hvor jeg" />
    <Word from="nårjeg" to="når jeg" />
    <Word from="gårvi" to="går vi" />
    <Word from="atjeg" to="at jeg" />
    <Word from="isine" to="i sine" />
    <Word from="fårjeg" to="får jeg" />
    <Word from="kærtighed" to="kærlighed" />
    <Word from="skullejeg" to="skulle jeg" />
    <Word from="laest" to="læst" />
    <Word from="laese" to="læse" />
    <Word from="gørjeg" to="gør jeg" />
    <Word from="gørvi" to="gør vi" />
    <Word from="angrerjo" to="angrer jo" />
    <Word from="Hvergang" to="Hver gang" />
    <Word from="erder" to="er der" />
    <Word from="villetilgive" to="ville tilgive" />
    <Word from="ﬁeme" to="fjeme" />
    <Word from="genopståri" to="genopstår i" />
    <Word from="svigtejer" to="svigte jer" />
    <Word from="kommernu" to="kommer nu" />
    <Word from="nårman" to="når man" />
    <Word from="erfire" to="er fire" />
    <Word from="Hvorforﬁnderdu" to="Hvorfor ﬁnder du" />
    <Word from="undertigt" to="underligt" />
    <Word from="itroen" to="i troen" />
    <Word from="erløgnt" to="er løgn!" />
    <Word from="gørden" to="gør den" />
    <Word from="forhelvede" to="for helvede" />
    <Word from="hjpe" to="hjælpe" />
    <Word from="togeti" to="toget i" />
    <Word from="Måjeg" to="Må jeg" />
    <Word from="savnerjer" to="savner jer" />
    <Word from="erjeg" to="er jeg" />
    <Word from="vaere" to="være" />
    <Word from="geme" to="gerne" />
    <Word from="trorpå" to="tror på" />
    <Word from="forham" to="for ham" />
    <Word from="afham" to="af ham" />
    <Word from="harjo" to="har jo" />
    <Word from="ovemaﬁet" to="overnattet" />
    <Word from="begaeﬁighed" to="begærlighed" />
    <Word from="sy’g" to="syg" />
    <Word from="Imensjeg" to="Imens jeg" />
    <Word from="bliverdu" to="bliver du" />
    <Word from="ﬁser" to="fiser" />
    <Word from="manipuierer" to="manipulerer" />
    <Word from="forjeg" to="for jeg" />
    <Word from="iivgivendefor" to="livgivende for" />
    <Word from="formig" to="for mig" />
    <Word from="Hardu" to="Har du" />
    <Word from="fornold" to="forhold" />
    <Word from="defrelste" to="de frelste" />
    <Word from="Såjeg" to="Så jeg" />
    <Word from="varjeg" to="var jeg" />
    <Word from="gørved" to="gør ved" />
    <Word from="kalderjeg" to="kalder jeg" />
    <Word from="ﬂytte" to="flytte" />
    <Word from="handlerdet" to="handler det" />
    <Word from="trorjeg" to="tror jeg" />
    <Word from="ﬂytter" to="flytter" />
    <Word from="soverjeg" to="sover jeg" />
    <Word from="ﬁnderud" to="ﬁnder ud" />
    <Word from="naboerpå" to="naboer på" />
    <Word from="ervildt" to="er vildt" />
    <Word from="væreher" to="være her" />
    <Word from="hyggerjer" to="hygger jer" />
    <Word from="borjo" to="bor jo" />
    <Word from="kommerikke" to="kommer ikke" />
    <Word from="folkynde" to="forkynde" />
    <Word from="farglad" to="far glad" />
    <Word from="misterjeg" to="mister jeg" />
    <Word from="ﬁnt" to="fint" />
    <Word from="Harl" to="Har I" />
    <Word from="bedejer" to="bede jer" />
    <Word from="synesjeg" to="synes jeg" />
    <Word from="vartil" to="var til" />
    <Word from="eren" to="er en" />
    <Word from="\Al" to="Vil" />
    <Word from="\A" to="Vi" />
    <Word from="fjeme" to="fjerne" />
    <Word from="Iigefyldt" to="lige fyldt" />
    <Word from="ertil" to="er til" />
    <Word from="faﬁigt" to="farligt" />
    <Word from="ﬁnder" to="finder" />
    <Word from="ﬁndes" to="findes" />
    <Word from="irettesaeﬁelse" to="irettesættelse" />
    <Word from="ermed" to="er med" />
    <Word from="èn" to="én" />
    <Word from="gikjoi" to="gik jo i" />
    <Word from="Hvisjeg" to="Hvis jeg" />
    <Word from="ovemaﬁer" to="overnatter" />
    <Word from="hoident" to="holdent" />
    <Word from="\Adne" to="Vidne" />
    <Word from="fori" to="for i" />
    <Word from="vei" to="vel" />
    <Word from="savnerjerjo" to="savner jer jo" />
    <Word from="elskerjer" to="elsker jer" />
    <Word from="harløjet" to="har løjet" />
    <Word from="eri" to="er i" />
    <Word from="ﬁende" to="fjende" />
    <Word from="derjo" to="der jo" />
    <Word from="sigerjo" to="siger jo" />
    <Word from="menerjeg" to="mener jeg" />
    <Word from="Harjeg" to="Har jeg" />
    <Word from="sigerjeg" to="siger jeg" />
    <Word from="splitterjeg" to="splitter jeg" />
    <Word from="erjournalist" to="er journalist" />
    <Word from="erjoumalist" to="er journalist" />
    <Word from="Forjeg" to="For jeg" />
    <Word from="gârjeg" to="går jeg" />
    <Word from="Nârjeg" to="Når jeg" />
    <Word from="aﬂlom" to="afkom" />
    <Word from="farerjo" to="farer jo" />
    <Word from="tagerjeg" to="tager jeg" />
    <Word from="Virkerjeg" to="Virker jeg" />
    <Word from="morerjer" to="morer jer" />
    <Word from="kommerjo" to="kommer jo" />
    <Word from="istand" to="i stand" />
    <Word from="bøm" to="børn" />
    <Word from="frygterjeg" to="frygter jeg" />
    <Word from="kommerjeg" to="kommer jeg" />
    <Word from="eriournalistelev" to="er journalistelev" />
    <Word from="harfat" to="har fat" />
    <Word from="fårﬁngre" to="får ﬁngre" />
    <Word from="slârjeg" to="slår jeg" />
    <Word from="bam" to="barn" />
    <Word from="erjournalistelev" to="er journalistelev" />
    <Word from="politietjo" to="politiet jo" />
    <Word from="elskerjo" to="elsker jo" />
    <Word from="vari" to="var i" />
    <Word from="fornemmerjeres" to="fornemmer jeres" />
    <Word from="udklækketl" to="udklækket!" />
    <Word from="í" to="i" />
    <Word from="nyi" to="ny i" />
    <Word from="Iumijelse" to="fornøjelse" />
    <Word from="vures" to="vores" />
    <Word from="I/Vashíngtan" to="Washington" />
    <Word from="opleverjeg" to="oplever jeg" />
    <Word from="PANTELÃNER" to="PANTELÅNER" />
    <Word from="Gudmurgen" to="Godmorgen" />
    <Word from="SKYDEVÃBEN" to="SKYDEVÅBEN" />
    <Word from="PÃLIDELIG" to="PÅLIDELIG" />
    <Word from="avertalte" to="overtalte" />
    <Word from="Omsíder" to="Omsider" />
    <Word from="lurtebåd" to="lortebåd" />
    <Word from="Telrslning" to="Tekstning" />
    <Word from="miUø" to="miljø" />
    <Word from="gåri" to="går i" />
    <Word from="Fan/el" to="Farvel" />
    <Word from="abeﬁæs" to="abefjæs" />
    <Word from="hartalt" to="har talt" />
    <Word from="\Årkelig" to="Virkelig" />
    <Word from="beklagerjeg" to="beklager jeg" />
    <Word from="Nårjeg" to="Når jeg" />
    <Word from="rnaend" to="mænd" />
    <Word from="vaskebjorn" to="vaskebjørn" />
    <Word from="Ivil" to="I vil" />
    <Word from="besog" to="besøg" />
    <Word from="Vaer" to="Vær" />
    <Word from="Undersogte" to="Undersøgte" />
    <Word from="modte" to="mødte" />
    <Word from="toj" to="tøj" />
    <Word from="fodt" to="født" />
    <Word from="gore" to="gøre" />
    <Word from="provede" to="prøvede" />
    <Word from="forste" to="første" />
    <Word from="igang" to="i gang" />
    <Word from="ligenu" to="lige nu" />
    <Word from="clet" to="det" />
    <Word from="Strombell" to="Strombel!" />
    <Word from="tmvlt" to="travlt" />
    <Word from="studererjournalistik" to="studerer journalistik" />
    <Word from="inforrnererjeg" to="informerer jeg" />
    <Word from="omkﬁng" to="omkring" />
    <Word from="tilAsgård" to="til Asgård" />
    <Word from="Kederjeg" to="Keder jeg" />
    <Word from="jaettetamp" to="jættetamp" />
    <Word from="erjer" to="er jer" />
    <Word from="atjulehygge" to="at julehygge" />
    <Word from="Ueneste" to="tjeneste" />
    <Word from="foltsaetter" to="fortsætter" />
    <Word from="A/ice" to="Alice" />
    <Word from="tvivlerjeg" to="tvivler jeg" />
    <Word from="henterjer" to="henter jer" />
    <Word from="forstårjeg" to="forstår jeg" />
    <Word from="hvisjeg" to="hvis jeg" />
    <Word from="/ært" to="lært" />
    <Word from="vfgtrgt" to="vigtigt" />
    <Word from="hurtigtjeg" to="hurtigt jeg" />
    <Word from="kenderjo" to="kender jo" />
    <Word from="seiv" to="selv" />
    <Word from="/ægehuset" to="lægehuset" />
    <Word from="herjo" to="her jo" />
    <Word from="stolerjeg" to="stoler jeg" />
    <Word from="digi" to="dig i" />
    <Word from="taberi" to="taber i" />
    <Word from="slårjeres" to="slår jeres" />
    <Word from="laere" to="lære" />
    <Word from="trænerwushu" to="træner wushu" />
    <Word from="efterjeg" to="efter jeg" />
    <Word from="eﬁer" to="efter" />
    <Word from="dui" to="du i" />
    <Word from="aﬁen" to="aften" />
    <Word from="bliveri" to="bliver i" />
    <Word from="acceptererjer" to="accepterer jer" />
    <Word from="drikkerjo" to="drikker jo" />
    <Word from="ﬁanjin" to="Tianjin" />
    <Word from="erlænge" to="er længe" />
    <Word from="erikke" to="er ikke" />
    <Word from="medjer" to="med jer" />
    <Word from="Tmykke" to="Tillykke" />
    <Word from="'ﬁanjins" to="Tianjins" />
    <Word from="Mesteri" to="Mester i" />
    <Word from="sagdetil" to="sagde til" />
    <Word from="indei" to="inde i" />
    <Word from="oﬁe" to="ofte" />
    <Word from="'ﬁlgiv" to="Tilgiv" />
    <Word from="Lfår" to="I får" />
    <Word from="viserjer" to="viser jer" />
    <Word from="Rejsjerblot" to="Rejs jer blot" />
    <Word from="'ﬁllad" to="Tillad" />
    <Word from="iiiieﬁnger" to="lilleﬁnger" />
    <Word from="VILOMFATTE" to="VIL OMFATTE" />
    <Word from="moﬁo" to="motto" />
    <Word from="gørjer" to="gør jer" />
    <Word from="gifi" to="gift" />
    <Word from="hardu" to="har du" />
    <Word from="giﬁ" to="gift" />
    <Word from="Iaeggerjeg" to="lægger jeg" />
    <Word from="iet" to="i et" />
    <Word from="sv/yte" to="svigte" />
    <Word from="ti/" to="til" />
    <Word from="Wdal" to="Vidal" />
    <Word from="ﬁået" to="fået" />
    <Word from="Hvo/for" to="Hvorfor" />
    <Word from="hellerikke" to="heller ikke" />
    <Word from="Wlle" to="Ville" />
    <Word from="dr/ver" to="driver" />
    <Word from="V\ﬂlliam" to="William" />
    <Word from="V\ﬂlliams" to="Williams" />
    <Word from="Vkﬁlliam" to="William" />
    <Word from="vådejakke" to="våde jakke" />
    <Word from="kæﬂl" to="kæft!" />
    <Word from="sagdejeg" to="sagde jeg" />
    <Word from="oven/ejet" to="overvejet" />
    <Word from="karameisauce" to="karamelsauce" />
    <Word from="Lfølgejødisk" to="Ifølge jødisk" />
    <Word from="blevjo" to="blev jo" />
    <Word from="asiateri" to="asiater i" />
    <Word from="erV\ﬂlliam" to="er William" />
    <Word from="lidtﬂov" to="lidt ﬂov" />
    <Word from="sagdejo" to="sagde jo" />
    <Word from="erlige" to="er lige" />
    <Word from="Vtﬁlliam" to="William" />
    <Word from="WﬁII" to="Will" />
    <Word from="aﬂdarede" to="afklarede" />
    <Word from="hjæiperjeg" to="hjælper jeg" />
    <Word from="laderjeg" to="lader jeg" />
    <Word from="Hândledsbeskyttere" to="Håndledsbeskyttere" />
    <Word from="Lsabels" to="Isabels" />
    <Word from="Gørjeg" to="Gør jeg" />
    <Word from="mâjeg" to="må jeg" />
    <Word from="ogjeg" to="og jeg" />
    <Word from="gjordejeg" to="gjorde jeg" />
    <Word from="villejeg" to="ville jeg" />
    <Word from="Vlﬂlliams" to="Williams" />
    <Word from="Dajeg" to="Da jeg" />
    <Word from="iorden" to="i orden" />
    <Word from="fandtjeg" to="fandt jeg" />
    <Word from="Tilykke" to="Tillykke" />
    <Word from="kørerjer" to="kører jer" />
    <Word from="gøfjeg" to="gør jeg" />
    <Word from="Selvflgelig" to="Selvfølgelig" />
    <Word from="fdder" to="fadder" />
    <Word from="bnfaldt" to="bønfaldt" />
    <Word from="t\/ehovedede" to="tvehovedede" />
    <Word from="EIler" to="Eller" />
    <Word from="ringerjeg" to="ringer jeg" />
    <Word from="blevvæk" to="blev væk" />
    <Word from="stárjeg" to="står jeg" />
    <Word from="varforbi" to="var forbi" />
    <Word from="harfortalt" to="har fortalt" />
    <Word from="iflere" to="i flere" />
    <Word from="tørjeg" to="tør jeg" />
    <Word from="kunnejeg" to="kunne jeg" />
    <Word from="má" to="må" />
    <Word from="hartænkt" to="har tænkt" />
    <Word from="Fárjeg" to="Får jeg" />
    <Word from="afdelingervar" to="afdelinger var" />
    <Word from="0rd" to="ord" />
    <Word from="pástá" to="påstå" />
    <Word from="gráharet" to="gråharet" />
    <Word from="varforbløffende" to="var forbløffende" />
    <Word from="holdtjeg" to="holdt jeg" />
    <Word from="hængerjo" to="hænger jo" />
    <Word from="fikjeg" to="fik jeg" />
    <Word from="fár" to="får" />
    <Word from="Hvorforfølerjeg" to="Hvorfor føler jeg" />
    <Word from="harfeber" to="har feber" />
    <Word from="ándssvagt" to="åndssvagt" />
    <Word from="0g" to="Og" />
    <Word from="vartre" to="var tre" />
    <Word from="abner" to="åbner" />
    <Word from="garjeg" to="går jeg" />
    <Word from="sertil" to="ser til" />
    <Word from="hvorfin" to="hvor fin" />
    <Word from="harfri" to="har fri" />
    <Word from="forstarjeg" to="forstår jeg" />
    <Word from="Sä" to="Så" />
    <Word from="hvorfint" to="hvor fint" />
    <Word from="mærkerjeg" to="mærker jeg" />
    <Word from="ogsa" to="også" />
    <Word from="nárjeg" to="når jeg" />
    <Word from="Jasá" to="Jaså" />
    <Word from="bándoptager" to="båndoptager" />
    <Word from="bedárende" to="bedårende" />
    <Word from="sá" to="så" />
    <Word from="nár" to="når" />
    <Word from="kunnejo" to="kunne jo" />
    <Word from="Brammertil" to="Brammer til" />
    <Word from="serjeg" to="ser jeg" />
    <Word from="gikjeg" to="gik jeg" />
    <Word from="udholderjeg" to="udholder jeg" />
    <Word from="máneder" to="måneder" />
    <Word from="vartræt" to="var træt" />
    <Word from="dárligt" to="dårligt" />
    <Word from="klaretjer" to="klaret jer" />
    <Word from="pavirkelig" to="påvirkelig" />
    <Word from="spekulererjeg" to="spekulerer jeg" />
    <Word from="forsøgerjeg" to="forsøger jeg" />
    <Word from="huskerjeg" to="husker jeg" />
    <Word from="ifavnen" to="i favnen" />
    <Word from="skullejo" to="skulle jo" />
    <Word from="vartung" to="var tung" />
    <Word from="varfuldstændig" to="var fuldstændig" />
    <Word from="Paskedag" to="Påskedag" />
    <Word from="turi" to="tur i" />
    <Word from="spillerschumanns" to="spiller Schumanns" />
    <Word from="forstárjeg" to="forstår jeg" />
    <Word from="istedet" to="i stedet" />
    <Word from="nárfrem" to="når frem" />
    <Word from="habertrods" to="håber trods" />
    <Word from="forførste" to="for første" />
    <Word from="varto" to="var to" />
    <Word from="overtil" to="over til" />
    <Word from="forfem" to="for fem" />
    <Word from="holdtjo" to="holdt jo" />
    <Word from="passerjo" to="passer jo" />
    <Word from="ellerto" to="eller to" />
    <Word from="hartrods" to="har trods" />
    <Word from="harfuldstændig" to="har fuldstændig" />
    <Word from="gårjeg" to="går jeg" />
    <Word from="giderjeg" to="gider jeg" />
    <Word from="forjer" to="for jer" />
    <Word from="erindrerjeg" to="erindrer jeg" />
    <Word from="tænkerjeg" to="tænker jeg" />
    <Word from="GAEt" to="GÅET" />
    <Word from="hørerjo" to="hører jo" />
    <Word from="forladerjeg" to="forlader jeg" />
    <Word from="kosterjo" to="koster jo" />
    <Word from="fortællerjeg" to="fortæller jeg" />
    <Word from="Forstyrrerjeg" to="Forstyrrer jeg" />
    <Word from="tjekkerjeg" to="tjekker jeg" />
    <Word from="erjurist" to="er jurist" />
    <Word from="tlLBUD" to="TILBUD" />
    <Word from="serjo" to="se rjo" />
    <Word from="bederjeg" to="beder jeg" />
    <Word from="bilderjeg" to="bilder jeg" />
    <Word from="ULVEtlME" to="ULVETlME" />
    <Word from="skærerjo" to="skærer jo" />
    <Word from="afjer" to="af jer" />
    <Word from="ordnerjeg" to="ordner jeg" />
    <Word from="giverjeg" to="giver jeg" />
    <Word from="rejservi" to="rejser vi" />
    <Word from="fangerjeg" to="fanger jeg" />
    <Word from="erjaloux" to="er jaloux" />
    <Word from="glemmerjeg" to="glemmer jeg" />
    <Word from="Behøverjeg" to="Behøver jeg" />
    <Word from="harvi" to="har vi" />
    <Word from="ertyndere" to="er tyndere" />
    <Word from="fårtordenvejr" to="får tordenvejr" />
    <Word from="varfærdig" to="var færdig" />
    <Word from="hørerfor" to="hører for" />
    <Word from="varvel" to="var vel" />
    <Word from="erforbi" to="er forbi" />
    <Word from="AIle" to="Alle" />
    <Word from="læserjo" to="læser jo" />
    <Word from="Edgarer" to="Edgar er" />
    <Word from="hartaget" to="har taget" />
    <Word from="derer" to="der er" />
    <Word from="stikkerfrem" to="stikker frem" />
    <Word from="haraldrig" to="har aldrig" />
    <Word from="ellerfar" to="eller far" />
    <Word from="erat" to="er at" />
    <Word from="turtil" to="tur til" />
    <Word from="erfærdig" to="er færdig" />
    <Word from="følerjeg" to="føler jeg" />
    <Word from="jerfra" to="jer fra" />
    <Word from="eralt" to="er alt" />
    <Word from="harfaktisk" to="har faktisk" />
    <Word from="harfundet" to="har fundet" />
    <Word from="harvendt" to="har vendt" />
    <Word from="Kunstneraf" to="Kunstner af" />
    <Word from="ervel" to="er vel" />
    <Word from="ståransigt" to="står ansigt" />
    <Word from="Erjeg" to="Er jeg" />
    <Word from="venterjeg" to="venter jeg" />
    <Word from="Hvorvar" to="Hvor var" />
    <Word from="varfint" to="var fint" />
    <Word from="ervarmt" to="er varmt" />
    <Word from="gårfint" to="går fint" />
    <Word from="flyverforbi" to="flyver forbi" />
    <Word from="Dervar" to="Der var" />
    <Word from="dervar" to="der var" />
    <Word from="meneråndeligt" to="mener åndeligt" />
    <Word from="forat" to="for at" />
    <Word from="herovertil" to="herover til" />
    <Word from="soverfor" to="sover for" />
    <Word from="begyndtejeg" to="begyndte jeg" />
    <Word from="vendertilbage" to="vender tilbage" />
    <Word from="erforfærdelig" to="er forfærdelig" />
    <Word from="gøraltid" to="gør altid" />
    <Word from="ertilbage" to="er tilbage" />
    <Word from="harværet" to="har været" />
    <Word from="bagoverellertil" to="bagover eller til" />
    <Word from="hertaler" to="her taler" />
    <Word from="vågnerjeg" to="vågner jeg" />
    <Word from="vartomt" to="var tomt" />
    <Word from="gårfrem" to="går frem" />
    <Word from="talertil" to="taler til" />
    <Word from="ertryg" to="er tryg" />
    <Word from="ansigtervendes" to="ansigter vendes" />
    <Word from="hervirkeligt" to="her virkeligt" />
    <Word from="herer" to="her er" />
    <Word from="drømmerjo" to="drømmer jo" />
    <Word from="erfuldkommen" to="er fuldkommen" />
    <Word from="hveren" to="hver en" />
    <Word from="erfej" to="er fej" />
    <Word from="datterforgæves" to="datter forgæves" />
    <Word from="forsøgerjo" to="forsøger jo" />
    <Word from="ertom" to="er tom" />
    <Word from="vareftermiddag" to="var eftermiddag" />
    <Word from="vartom" to="var tom" />
    <Word from="angerellerforventninger" to="anger eller forventninger" />
    <Word from="kørtejeg" to="kørte jeg" />
    <Word from="Hvorforfortæller" to="Hvorfor fortæller" />
    <Word from="gårtil" to="går til" />
    <Word from="ringerefter" to="ringer efter" />
    <Word from="søgertilflugt" to="søger tilflugt" />
    <Word from="ertvunget" to="er tvunget" />
    <Word from="megetjeg" to="meget jeg" />
    <Word from="varikke" to="var ikke" />
    <Word from="Derermange" to="Der e rmange" />
    <Word from="dervilhindre" to="der vil hindre" />
    <Word from="erså" to="er så" />
    <Word from="DetforstårLeggodt" to="Det forstår jeg godt" />
    <Word from="ergodt" to="er godt" />
    <Word from="vorventen" to="vor venten" />
    <Word from="tagerfejl" to="tager fejl" />
    <Word from="ellerer" to="eller er" />
    <Word from="laverjeg" to="laver jeg" />
    <Word from="0mgang" to="omgang" />
    <Word from="afstár" to="afstår" />
    <Word from="pá" to="på" />
    <Word from="rejserjeg" to="rejser jeg" />
    <Word from="ellertage" to="eller tage" />
    <Word from="takkerjeg" to="takker jeg" />
    <Word from="ertilfældigvis" to="er tilfældigvis" />
    <Word from="fremstar" to="fremstår" />
    <Word from="ertæt" to="er tæt" />
    <Word from="ijeres" to="i jeres" />
    <Word from="Sagdejeg" to="Sagde jeg" />
    <Word from="overi" to="over i" />
    <Word from="plukkerjordbær" to="plukker jordbær" />
    <Word from="klarerjeg" to="klarer jeg" />
    <Word from="jerfire" to="jer fire" />
    <Word from="tábeligste" to="tåbeligste" />
    <Word from="sigertvillingerne" to="siger tvillingerne" />
    <Word from="erfaktisk" to="er faktisk" />
    <Word from="gár" to="går" />
    <Word from="harvasket" to="har vasket" />
    <Word from="harplukketjordbærtil" to="har plukket jordbær til" />
    <Word from="plukketjordbær" to="plukket jordbær" />
    <Word from="klaverfirehændigt" to="klaver firehændigt" />
    <Word from="erjævnaldrende" to="er jævnaldrende" />
    <Word from="tierjeg" to="tier jeg" />
    <Word from="Hvorerden" to="Hvor er den" />
    <Word from="0veraltjeg" to="overalt jeg" />
    <Word from="gårpå" to="går på" />
    <Word from="finderjeg" to="finder jeg" />
    <Word from="serhans" to="ser hans" />
    <Word from="tiderbliver" to="tider bliver" />
    <Word from="ellertrist" to="eller trist" />
    <Word from="forstårjeres" to="forstår jeres" />
    <Word from="Hvorsjælen" to="Hvor sjælen" />
    <Word from="finderro" to="finder ro" />
    <Word from="sidderjeg" to="sidder jeg" />
    <Word from="tagerjo" to="tager jo" />
    <Word from="efterjeres" to="efter jeres" />
    <Word from="10O" to="100" />
    <Word from="besluttedejeg" to="besluttede jeg" />
    <Word from="varsket" to="var sket" />
    <Word from="uadskillige" to="uadskillelige" />
    <Word from="harjetlag" to="har jetlag" />
    <Word from="lkke" to="Ikke" />
    <Word from="lntet" to="Intet" />
    <Word from="afslørerjeg" to="afslører jeg" />
    <Word from="måjeg" to="må jeg" />
    <Word from="Vl" to="VI" />
    <Word from="atbygge" to="at bygge" />
    <Word from="detmakabre" to="det makabre" />
    <Word from="vilikke" to="vil ikke" />
    <Word from="talsmandbekræfter" to="talsmand bekræfter" />
    <Word from="vedatrenovere" to="ved at renovere" />
    <Word from="forsøgeratforstå" to="forsøger at forstå" />
    <Word from="ersket" to="er sket" />
    <Word from="morderpå" to="morder på" />
    <Word from="frifodiRosewood" to="fri fod i Rosewood" />
    <Word from="holdtpressemøde" to="holdt pressemøde" />
    <Word from="lngen" to="Ingen" />
    <Word from="lND" to="IND" />
    <Word from="henterjeg" to="henter jeg" />
    <Word from="lsabel" to="Isabel" />
    <Word from="lsabels" to="Isabels" />
    <Word from="vinderjo" to="vinder jo" />
    <Word from="rødmerjo" to="rødmer jo" />
    <Word from="etjakkesæt" to="et jakkesæt" />
    <Word from="glæderjeg" to="glæder jeg" />
    <Word from="lgen" to="Igen" />
    <Word from="lsær" to="Især" />
    <Word from="iparken" to="i parken" />
    <Word from="nårl" to="når I" />
    <Word from="tilA1" to="til A1" />
    <Word from="FBl" to="FBI" />
    <Word from="viljo" to="vil jo" />
    <Word from="detpå" to="det på" />
    <Word from="KIar" to="Klar" />
    <Word from="PIan" to="Plan" />
    <Word from="EIIer" to="Eller" />
    <Word from="FIot" to="Flot" />
    <Word from="AIIe" to="Alle" />
    <Word from="AIt" to="Alt" />
    <Word from="KIap" to="Klap" />
    <Word from="PIaza" to="Plaza" />
    <Word from="SIap" to="Slap" />
    <Word from="Iå" to="lå" />
    <Word from="BIing" to="Bling" />
    <Word from="GIade" to="Glade" />
    <Word from="Iejrbålssange" to="lejrbålssange" />
    <Word from="bedtjer" to="bedt jer" />
    <Word from="hørerjeg" to="hører jeg" />
    <Word from="Fårjeg" to="Får jeg" />
    <Word from="fikJames" to="fik James" />
    <Word from="atsnakke" to="at snakke" />
    <Word from="varkun" to="var kun" />
    <Word from="retterjeg" to="retter jeg" />
    <Word from="ernormale" to="er normale" />
    <Word from="viljeg" to="vil jeg" />
    <Word from="Sætjer" to="Sæt jer" />
    <Word from="udsatham" to="udsat ham" />
    <Word from="afen" to="af en" />
    <Word from="påjorden" to="på jorden" />
    <Word from="afdem" to="af dem" />
    <Word from="kmt" to="km/t" />
  </WholeWords>
  <PartialWordsAlways>
    <WordPart from="¤" to="o" />
    <WordPart from="IVI" to="M" />
    <WordPart from="lVI" to="M" />
    <WordPart from="IVl" to="M" />
    <WordPart from="lVl" to="M" />
  </PartialWordsAlways>
  <PartialWords>
    <!-- Will be used to check words not in dictionary -->
    <!-- If new word(s) exists in spelling dictionary, it(they) is accepted -->
    <WordPart from="ﬁ" to="fi" />
    <WordPart from="ﬂ" to="fl" />
    <WordPart from="/" to="l" />
    <WordPart from="vv" to="w" />
    <WordPart from="m" to="rn" />
    <WordPart from="l" to="i" />
    <WordPart from="€" to="e" />
    <WordPart from="I" to="l" />
    <WordPart from="c" to="o" />
    <WordPart from="i" to="t" />
    <WordPart from="cc" to="oo" />
    <WordPart from="ii" to="tt" />
    <WordPart from="n/" to="ry" />
    <WordPart from="ae" to="æ" />
    <!-- "f " will be two words -->
    <WordPart from="f" to="f " />
    <WordPart from="c" to="e" />
    <WordPart from="o" to="e" />
    <WordPart from="I" to="t" />
    <WordPart from="n" to="o" />
    <WordPart from="s" to="e" />
    <WordPart from="\A" to="Vi" />
    <WordPart from="n/" to="rv" />
    <WordPart from="Ã" to="Å" />
    <WordPart from="í" to="i" />
  </PartialWords>
  <WholeLines />
  <PartialLinesAlways>
    <LinePart from="Apollo 1 3" to="Apollo 13" />
    <LinePart from=",.," to="..." />
    <LinePart from=" l " to=" I " />
    <LinePart from=" l." to=" I." />
    <LinePart from=" l?" to=" I?" />
    <LinePart from=" l!" to=" I!" />
    <LinePart from=" . " to=". " />
  </PartialLinesAlways>
  <PartialLines />
  <BeginLines>
    <Beginning from="-] " to="- I " />
    <Beginning from="- ] " to="- I " />
    <Beginning from="] " to="I " />
    <Beginning from="-| " to="- I " />
    <Beginning from="- | " to="- I " />
    <Beginning from="l " to="I " />
    <Beginning from="- l " to="- I " />
  </BeginLines>
  <EndLines />
  <RegularExpressions>
    <RegEx find="\b\|\b" replaceWith="I" />
    <RegEx find="\b\l\b" replaceWith="I" />
  </RegularExpressions>
</OCRFixReplaceList>