<NoBreakAfterList>
  <Item>ένα</Item>
  <Item>έναν</Item>
  <Item>ένας</Item>
  <Item>έχει</Item>
  <Item>έχεις</Item>
  <Item>έχετε</Item>
  <Item>έχουμε</Item>
  <Item>έχουν</Item>
  <Item>έχω</Item>
  <Item>έως</Item>
  <Item>ή</Item>
  <Item>ακόμα</Item>
  <Item>ακόμη</Item>
  <Item>αν</Item>
  <Item>ανά</Item>
  <Item>αντί</Item>
  <Item>από</Item>
  <Item>ας</Item>
  <Item>αυτή</Item>
  <Item>αυτήν</Item>
  <Item>αυτής</Item>
  <Item>αυτοί</Item>
  <Item>αυτού</Item>
  <Item>αυτό</Item>
  <Item>αυτόν</Item>
  <Item>αυτός</Item>
  <Item>για</Item>
  <Item>δεν</Item>
  <Item>είχα</Item>
  <Item>είχαμε</Item>
  <Item>είχαν</Item>
  <Item>είχατε</Item>
  <Item>είχε</Item>
  <Item>είχες</Item>
  <Item>εγώ</Item>
  <Item>εις</Item>
  <Item>εκ</Item>
  <Item>εμείς</Item>
  <Item>εν</Item>
  <Item>ενός</Item>
  <Item>ενώ</Item>
  <Item>εσείς</Item>
  <Item>εσύ</Item>
  <Item>εώς</Item>
  <Item>η</Item>
  <Item>θα</Item>
  <Item>κάθε</Item>
  <Item>κάτι</Item>
  <Item>και</Item>
  <Item>κατά</Item>
  <Item>κατιτίς</Item>
  <Item>κι</Item>
  <Item>μάς</Item>
  <Item>μέχρι</Item>
  <Item>μία</Item>
  <Item>μίαν</Item>
  <Item>μίας</Item>
  <Item>με</Item>
  <Item>μη</Item>
  <Item>μην</Item>
  <Item>μια</Item>
  <Item>μιαν</Item>
  <Item>μιας</Item>
  <Item>μολονότι</Item>
  <Item>μού</Item>
  <Item>μόλις</Item>
  <Item>μόνο</Item>
  <Item>να</Item>
  <Item>ο</Item>
  <Item>οι</Item>
  <Item>οτιδήποτε</Item>
  <Item>πάσα</Item>
  <Item>παρά</Item>
  <Item>πιο</Item>
  <Item>που</Item>
  <Item>πού</Item>
  <Item>πριν</Item>
  <Item>προς</Item>
  <Item>πως</Item>
  <Item>πώς</Item>
  <Item>σάς</Item>
  <Item>σα</Item>
  <Item>σαν</Item>
  <Item>σε</Item>
  <Item>σού</Item>
  <Item>στα</Item>
  <Item>στη</Item>
  <Item>στην</Item>
  <Item>στης</Item>
  <Item>στις</Item>
  <Item>στο</Item>
  <Item>στον</Item>
  <Item>στου</Item>
  <Item>στους</Item>
  <Item>στων</Item>
  <Item>τα</Item>
  <Item>τη</Item>
  <Item>την</Item>
  <Item>της</Item>
  <Item>τι</Item>
  <Item>τις</Item>
  <Item>το</Item>
  <Item>τοις</Item>
  <Item>τον</Item>
  <Item>του</Item>
  <Item>τους</Item>
  <Item>τού</Item>
  <Item>τούς</Item>
  <Item>των</Item>
  <Item>τόσο</Item>
  <Item>υπό</Item>
  <Item>χωρίς</Item>
  <Item>ως</Item>
  <Item>ό,τι</Item>
  <Item>όντως</Item>
  <Item>όσο</Item>
  <Item>ότι</Item>
  <Item>σχεδόν</Item>
</NoBreakAfterList>