<words>
  <word>00am</word>
  <word>00pm</word>
  <word>01am</word>
  <word>01pm</word>
  <word>02am</word>
  <word>02am</word>
  <word>03am</word>
  <word>03pm</word>
  <word>04am</word>
  <word>04pm</word>
  <word>05am</word>
  <word>05pm</word>
  <word>06am</word>
  <word>06pm</word>
  <word>07am</word>
  <word>07pm</word>
  <word>08am</word>
  <word>08pm</word>
  <word>09am</word>
  <word>09pm</word>
  <word>10am</word>
  <word>10pm</word>
  <word>11am</word>
  <word>11pm</word>
  <word>12am</word>
  <word>12pm</word>
  <word>1am</word>
  <word>1pm</word>
  <word>2am</word>
  <word>2am</word>
  <word>3am</word>
  <word>3pm</word>
  <word>4am</word>
  <word>4pm</word>
  <word>50s</word>
  <word>5am</word>
  <word>5pm</word>
  <word>6am</word>
  <word>6pm</word>
  <word>7am</word>
  <word>7pm</word>
  <word>8am</word>
  <word>8pm</word>
  <word>9/11</word>
  <word>9am</word>
  <word>9mm</word>
  <word>9pm</word>
  <word>a.m.</word>
  <word>accelerant</word>
  <word>acidotic</word>
  <word>actinium</word>
  <word>adenosine</word>
  <word>adorkable</word>
  <word>adrenocorticotropic</word>
  <word>advisors</word>
  <word>aeroplanes</word>
  <word>afterwards</word>
  <word>agonist</word>
  <word>ahh</word>
  <word>ahhhh</word>
  <word>aioli</word>
  <word>ajit</word>
  <word>allodynic</word>
  <word>aluminium</word>
  <word>aluminum</word>
  <word>americium</word>
  <word>amnio</word>
  <word>amygdala</word>
  <word>anastomosis</word>
  <word>angiomyolipoma</word>
  <word>anonymized</word>
  <word>anoxic</word>
  <word>anthropomorphize</word>
  <word>antimony</word>
  <word>apologise</word>
  <word>appétit</word>
  <word>argon</word>
  <word>arrhythmias</word>
  <word>arsenic</word>
  <word>arses</word>
  <word>arteritis</word>
  <word>astatine</word>
  <word>astrodynamics</word>
  <word>astrometry</word>
  <word>attendings</word>
  <word>attosecond</word>
  <word>au pair</word>
  <word>autotrophs</word>
  <word>axe</word>
  <word>backsplash</word>
  <word>backsplashes</word>
  <word>badass</word>
  <word>barista</word>
  <word>barium</word>
  <word>batrachotoxin</word>
  <word>beatdown</word>
  <word>behaviour</word>
  <word>beheadings</word>
  <word>benzilate</word>
  <word>berkelium</word>
  <word>beryllium</word>
  <word>bioprosthetic</word>
  <word>biotoxin</word>
  <word>bismuth</word>
  <word>blonde</word>
  <word>blowjobs</word>
  <word>bluejacked</word>
  <word>blushy</word>
  <word>bogholes</word>
  <word>bohrium</word>
  <word>bona fide</word>
  <word>boneyard</word>
  <word>boron</word>
  <word>brachial</word>
  <word>bradycardia</word>
  <word>bradycardic</word>
  <word>braniac</word>
  <word>breakin'</word>
  <word>bromine</word>
  <word>busses</word>
  <word>but</word>
  <word>butterflyfish</word>
  <word>butthead</word>
  <word>butthole</word>
  <word>buzzkill</word>
  <word>cadmium</word>
  <word>caesium</word>
  <word>café</word>
  <word>cahill's</word>
  <word>calcium</word>
  <word>californium</word>
  <word>cancelled</word>
  <word>carbon</word>
  <word>cardiogenic</word>
  <word>cardiothoracic</word>
  <word>catalogue</word>
  <word>catalogued</word>
  <word>'cause</word>
  <word>centimetres</word>
  <word>cerium</word>
  <word>cesium</word>
  <word>chemoradiation</word>
  <word>children's</word>
  <word>chittering</word>
  <word>chitters</word>
  <word>chlorine</word>
  <word>cholecalciferol</word>
  <word>chondrosarcoma</word>
  <word>chromium</word>
  <word>cityscapes</word>
  <word>clanky</word>
  <word>cliché</word>
  <word>clozapine</word>
  <word>cluelessness</word>
  <word>co2</word>
  <word>cobalt</word>
  <word>collywobbles</word>
  <word>colonoscopy</word>
  <word>colours</word>
  <word>comminuted</word>
  <word>contractualism</word>
  <word>copain</word>
  <word>copernicium</word>
  <word>copper</word>
  <word>copperish</word>
  <word>coronavirus</word>
  <word>corpectomy</word>
  <word>cosy</word>
  <word>cottonoid</word>
  <word>could've</word>
  <word>countertop</word>
  <word>craniotomy</word>
  <word>creatinine</word>
  <word>crossbone</word>
  <word>crosshair</word>
  <word>crosshairs</word>
  <word>cryo</word>
  <word>cryotube</word>
  <word>cudgelled</word>
  <word>curium</word>
  <word>cyanotic</word>
  <word>darmstadtium</word>
  <word>darndest</word>
  <word>debride</word>
  <word>debridement</word>
  <word>decompensating</word>
  <word>defendable</word>
  <word>defibrillating</word>
  <word>defibrillation</word>
  <word>déjà vu</word>
  <word>dialogue</word>
  <word>dipshit</word>
  <word>dismemberments</word>
  <word>disorderlies</word>
  <word>disproven</word>
  <word>disruptors</word>
  <word>documentarian</word>
  <word>doofus</word>
  <word>douchey</word>
  <word>dreamt</word>
  <word>dubnium</word>
  <word>dumbass</word>
  <word>dysesthesia</word>
  <word>dysprosium</word>
  <word>easy-peasy</word>
  <word>einsteinium</word>
  <word>electrocautery</word>
  <word>'em</word>
  <word>emoji</word>
  <word>empanadas</word>
  <word>empyema</word>
  <word>endarterectomy</word>
  <word>endeth</word>
  <word>episiotomy</word>
  <word>erbium</word>
  <word>esophaguses</word>
  <word>et cetera</word>
  <word>euro</word>
  <word>europium</word>
  <word>euros</word>
  <word>evaporite</word>
  <word>everything's</word>
  <word>evidentiary</word>
  <word>extradural</word>
  <word>eyeing</word>
  <word>faggot</word>
  <word>failsafe</word>
  <word>falafel</word>
  <word>fallin'</word>
  <word>fanboy</word>
  <word>fascial</word>
  <word>fasciotomy</word>
  <word>fata morgana</word>
  <word>favour</word>
  <word>favoured</word>
  <word>favourite</word>
  <word>fbi's</word>
  <word>fentanyl</word>
  <word>fermium</word>
  <word>fiancé</word>
  <word>fiancée</word>
  <word>fibrinolysis</word>
  <word>financials</word>
  <word>flavour</word>
  <word>flavours</word>
  <word>floricultural</word>
  <word>fluorine</word>
  <word>flushin'</word>
  <word>flyer</word>
  <word>forevermore</word>
  <word>francium</word>
  <word>frenemy</word>
  <word>fuckable</word>
  <word>fundraiser</word>
  <word>gadolinium</word>
  <word>galavanting</word>
  <word>gallium</word>
  <word>ganglioneuralgia</word>
  <word>gastroenterologists</word>
  <word>geez</word>
  <word>gemensheidt</word>
  <word>generationally</word>
  <word>germanium</word>
  <word>giancarlo</word>
  <word>gigabit</word>
  <word>glioma</word>
  <word>glitchy</word>
  <word>glossopharyngeal</word>
  <word>glowy</word>
  <word>goddamned</word>
  <word>golconda</word>
  <word>gold</word>
  <word>gracilis</word>
  <word>grandkids</word>
  <word>gravimetric</word>
  <word>greenlit</word>
  <word>guys'll</word>
  <word>hafnium</word>
  <word>hardwire</word>
  <word>hashtag</word>
  <word>hassium</word>
  <word>hatchling</word>
  <word>hawala</word>
  <word>heh</word>
  <word>helium</word>
  <word>heloooooo</word>
  <word>hematoma</word>
  <word>hemodynamics</word>
  <word>hemostasis</word>
  <word>hiei</word>
  <word>hijab</word>
  <word>hitman</word>
  <word>hm</word>
  <word>holmium</word>
  <word>homeworld</word>
  <word>honourable</word>
  <word>hoodies</word>
  <word>hotpants</word>
  <word>hottie</word>
  <word>houseguests</word>
  <word>how'd</word>
  <word>how're</word>
  <word>how've</word>
  <word>hugger</word>
  <word>humvee</word>
  <word>hydrogen</word>
  <word>hypotension</word>
  <word>hypotensive</word>
  <word>hypothermic</word>
  <word>ileostomy</word>
  <word>imidazopyridine</word>
  <word>immersive</word>
  <word>immunotherapy</word>
  <word>inbox</word>
  <word>incontinentia</word>
  <word>indium</word>
  <word>influencer</word>
  <word>intensivist</word>
  <word>intercostal</word>
  <word>intrapericardial</word>
  <word>intraperitoneal</word>
  <word>intubate</word>
  <word>intubated</word>
  <word>intubations</word>
  <word>iodine</word>
  <word>iridium</word>
  <word>iron</word>
  <word>ischemia</word>
  <word>isobutyric</word>
  <word>isolytic</word>
  <word>jeopardised</word>
  <word>jewellery</word>
  <word>jizz</word>
  <word>jizzed</word>
  <word>jizzing</word>
  <word>jonesing</word>
  <word>just</word>
  <word>keychain</word>
  <word>kid'll</word>
  <word>kintsugi</word>
  <word>knobhead</word>
  <word>krypton</word>
  <word>kryptonite</word>
  <word>kuwabara-kun</word>
  <word>kyphoplasties</word>
  <word>labelled</word>
  <word>laminectomy</word>
  <word>lanthanum</word>
  <word>laparoscopically</word>
  <word>laparoscopy</word>
  <word>laparotomy</word>
  <word>laryngectomy</word>
  <word>laryngopharyngeal</word>
  <word>lawrencium</word>
  <word>lead</word>
  <word>leapt</word>
  <word>lightsaber</word>
  <word>lithium</word>
  <word>lithotomy</word>
  <word>lobectomy</word>
  <word>lockdown</word>
  <word>loudmouth</word>
  <word>loupe</word>
  <word>lutetium</word>
  <word>magnesium</word>
  <word>malware</word>
  <word>manganese</word>
  <word>maxillofacial</word>
  <word>meds</word>
  <word>meitnerium</word>
  <word>mendelevium</word>
  <word>meningioma</word>
  <word>men's</word>
  <word>mercury</word>
  <word>mesenteric</word>
  <word>mesentery</word>
  <word>metadata</word>
  <word>methylphosphonite</word>
  <word>metres</word>
  <word>microbiome</word>
  <word>micrografting</word>
  <word>microvascular</word>
  <word>might've</word>
  <word>military'll</word>
  <word>millennia</word>
  <word>milliamp</word>
  <word>milliamps</word>
  <word>mitral</word>
  <word>mmm</word>
  <word>mmmmm</word>
  <word>mojo</word>
  <word>molybdenum</word>
  <word>moonlet</word>
  <word>multiplanetary</word>
  <word>multiplayer</word>
  <word>multispectral</word>
  <word>must've</word>
  <word>mycelial</word>
  <word>nah</word>
  <word>namaste</word>
  <word>nasties</word>
  <word>neighbour</word>
  <word>neighbourhood</word>
  <word>neighbours</word>
  <word>neodymium</word>
  <word>neon</word>
  <word>neptunium</word>
  <word>neurobiologist</word>
  <word>neurodivergence</word>
  <word>neuropathy</word>
  <word>neuroscientific</word>
  <word>neurotypical</word>
  <word>neurotypicals</word>
  <word>neurovascular</word>
  <word>newsfeed</word>
  <word>newsfeeds</word>
  <word>niblings</word>
  <word>nickel</word>
  <word>nigga</word>
  <word>niggas</word>
  <word>niobium</word>
  <word>nitrogen</word>
  <word>nobelium</word>
  <word>nomogram</word>
  <word>noobs</word>
  <word>nothin</word>
  <word>now's</word>
  <word>nulled</word>
  <word>nulling</word>
  <word>odontoid</word>
  <word>ohh</word>
  <word>okey dokey</word>
  <word>omental</word>
  <word>online</word>
  <word>opacities</word>
  <word>or</word>
  <word>oropharyngeal</word>
  <word>osmium</word>
  <word>osseointegrated</word>
  <word>osseointegration</word>
  <word>other's</word>
  <word>otolaryngologist</word>
  <word>overanalyzing</word>
  <word>oww</word>
  <word>owwwww</word>
  <word>oxygen</word>
  <word>p.m.</word>
  <word>palladium</word>
  <word>paprikash</word>
  <word>parents'</word>
  <word>percutaneously</word>
  <word>perfusionist</word>
  <word>pericardial</word>
  <word>periorbital</word>
  <word>pescatarian</word>
  <word>pescatarians</word>
  <word>phenylephrine</word>
  <word>phosphorus</word>
  <word>photoshopped</word>
  <word>photothermic</word>
  <word>piccaninny</word>
  <word>pickleback</word>
  <word>platinum</word>
  <word>playbook</word>
  <word>pledgets</word>
  <word>plesiosaur</word>
  <word>plexiform neurofibroma</word>
  <word>plexiform neurofibromas</word>
  <word>plutonium</word>
  <word>pneumothorax</word>
  <word>polenta</word>
  <word>polonium</word>
  <word>polysulfide</word>
  <word>postulator</word>
  <word>potassium</word>
  <word>praseodymium</word>
  <word>promethium</word>
  <word>proprioception</word>
  <word>prosecutorial</word>
  <word>prosthetics</word>
  <word>protactinium</word>
  <word>protégé</word>
  <word>pseudoachondroplasia</word>
  <word>pupillary</word>
  <word>purée</word>
  <word>radium</word>
  <word>radon</word>
  <word>reacclimate</word>
  <word>reacclimating</word>
  <word>realise</word>
  <word>realised</word>
  <word>rebar</word>
  <word>rebranding</word>
  <word>recalibrated</word>
  <word>recognise</word>
  <word>recognised</word>
  <word>reframe</word>
  <word>resect</word>
  <word>resecting</word>
  <word>retractor</word>
  <word>retractors</word>
  <word>retropulsion</word>
  <word>revascularization</word>
  <word>rhenium</word>
  <word>rhodium</word>
  <word>ringtone</word>
  <word>roentgenium</word>
  <word>rollerblades</word>
  <word>rootkit</word>
  <word>rubidium</word>
  <word>ruthenium</word>
  <word>rutherfordium</word>
  <word>safehouse</word>
  <word>safeword</word>
  <word>saké</word>
  <word>saltimbocca</word>
  <word>samarium</word>
  <word>sayonara</word>
  <word>scandium</word>
  <word>schlong</word>
  <word>sci-fi</word>
  <word>seaborgium</word>
  <word>secret's</word>
  <word>selenium</word>
  <word>selfie</word>
  <word>selfies</word>
  <word>señor</word>
  <word>señora</word>
  <word>señorita</word>
  <word>sensei</word>
  <word>sharpshoot</word>
  <word>shitbox</word>
  <word>shithead</word>
  <word>shithead's</word>
  <word>shithole</word>
  <word>should've</word>
  <word>show's</word>
  <word>silicon</word>
  <word>silver</word>
  <word>skag</word>
  <word>skank</word>
  <word>skeevy</word>
  <word>skosh</word>
  <word>slipspace</word>
  <word>snuck</word>
  <word>sociopathic</word>
  <word>sodium</word>
  <word>someplace</word>
  <word>something's</word>
  <word>spacedock</word>
  <word>spacefaring</word>
  <word>spell's</word>
  <word>sphenopalatine</word>
  <word>spilt</word>
  <word>splenectomy</word>
  <word>splenic</word>
  <word>spork</word>
  <word>spotteth</word>
  <word>squirrelly</word>
  <word>starship</word>
  <word>stenosed</word>
  <word>stenosis</word>
  <word>stent</word>
  <word>stenting</word>
  <word>stepdad</word>
  <word>stepmom</word>
  <word>stereotactic</word>
  <word>sternotomy</word>
  <word>strontium</word>
  <word>subclavian</word>
  <word>subdural</word>
  <word>subdural hematoma</word>
  <word>sudoku</word>
  <word>sulfur</word>
  <word>sulphur</word>
  <word>sunglass</word>
  <word>supervillain</word>
  <word>supervillains</word>
  <word>supervolcano</word>
  <word>synchronicity</word>
  <word>syncopal</word>
  <word>synovectomy</word>
  <word>synovial</word>
  <word>tachycardic</word>
  <word>tantalum</word>
  <word>taxies</word>
  <word>teardown</word>
  <word>technetium</word>
  <word>teleporting</word>
  <word>tellurium</word>
  <word>temporoparietal</word>
  <word>teratoma</word>
  <word>terbium</word>
  <word>terraforming</word>
  <word>terrorise</word>
  <word>texted</word>
  <word>texting</word>
  <word>thallium</word>
  <word>that'd</word>
  <word>that'll</word>
  <word>the</word>
  <word>them's</word>
  <word>then</word>
  <word>there'd</word>
  <word>there'll</word>
  <word>there're</word>
  <word>this</word>
  <word>this'll</word>
  <word>thoracotomy</word>
  <word>thorium</word>
  <word>thrombectomy</word>
  <word>thrombolysis</word>
  <word>thrombosed</word>
  <word>throuple</word>
  <word>thulium</word>
  <word>timeline</word>
  <word>tin</word>
  <word>titanium</word>
  <word>tittie</word>
  <word>touché</word>
  <word>transaminases</word>
  <word>transcatheter</word>
  <word>transcervical</word>
  <word>transcortical</word>
  <word>transcutaneous</word>
  <word>transdural</word>
  <word>transectional</word>
  <word>transpedicular</word>
  <word>travelled</word>
  <word>trickeration</word>
  <word>trifecta</word>
  <word>trigeminal</word>
  <word>tungsten</word>
  <word>ulcerative</word>
  <word>uncrewed</word>
  <word>undock</word>
  <word>unhear</word>
  <word>unreciprocated</word>
  <word>unsterile</word>
  <word>ununhexium</word>
  <word>ununoctium</word>
  <word>ununpentium</word>
  <word>ununquadium</word>
  <word>ununseptium</word>
  <word>ununtrium</word>
  <word>uplink</word>
  <word>uranium</word>
  <word>vaccinologist</word>
  <word>vaginas</word>
  <word>vanadium</word>
  <word>vascularity</word>
  <word>vegetations</word>
  <word>voicemail</word>
  <word>voila</word>
  <word>walkthrough</word>
  <word>weaponize</word>
  <word>weaponized</word>
  <word>weirding</word>
  <word>what'd</word>
  <word>what'll</word>
  <word>what're</word>
  <word>when'd</word>
  <word>where'd</word>
  <word>where're</word>
  <word>which</word>
  <word>why'd</word>
  <word>why's</word>
  <word>wizarding</word>
  <word>women's</word>
  <word>worshipped</word>
  <word>www</word>
  <word>xenon</word>
  <word>yay</word>
  <word>ytterbium</word>
  <word>yttrium</word>
  <word>yukina</word>
  <word>zinc</word>
  <word>zirconium</word>
</words>