﻿<?xml version="1.0" encoding="utf-8"?>
<!-- This list contains names with specific casing - and specific to Norwegian only -->
<names>
  <blacklist>
    <name>Ben</name>
    <name>Bo</name>
    <name>Fred</name>
    <name>Jo</name>
  </blacklist>
  <name>Aage</name>
  <name>Aagot</name>
  <name>Aase</name>
  <name>Aashild</name>
  <name>Aasmund</name>
  <name>Aasta</name>
  <name>Abdi</name>
  <name>Abdirahman</name>
  <name>Abdullahi</name>
  <name>Ada</name>
  <name>Adnan</name>
  <name>Afghanistan</name>
  <name>Afrika</name>
  <name>Afrika sør for Sahara</name>
  <name>Agata</name>
  <name>Agathe</name>
  <name>Agdenes</name>
  <name>Agnar</name>
  <name>Agnete</name>
  <name>Agnethe</name>
  <name>Agnieszka</name>
  <name>Ahmet</name>
  <name>Aida</name>
  <name>Aileen</name>
  <name>Ailin</name>
  <name>Aina</name>
  <name>Akershus</name>
  <name>Aksdal</name>
  <name>Aksel</name>
  <name>Albania</name>
  <name>Aleksander</name>
  <name>Aleksandr Isajevitsj Solzjenitsyn</name>
  <name>Aleksandr Solzjenitsyn</name>
  <name>Aleksandra</name>
  <name>Alette</name>
  <name>Alf</name>
  <name>Alfhild</name>
  <name>Algarheim</name>
  <name>Algerie</name>
  <name>Ali</name>
  <name>Alicja</name>
  <name>Alida</name>
  <name>Alina</name>
  <name>Alise</name>
  <name>Alma</name>
  <name>Alshus</name>
  <name>Alstahaug</name>
  <name>Alsvåg</name>
  <name>Alta</name>
  <name>Alternes</name>
  <name>Alv</name>
  <name>Alva</name>
  <name>Alvdal</name>
  <name>Alvhild</name>
  <name>Alvilde</name>
  <name>Amal</name>
  <name>Amerika</name>
  <name>Amerikansk Samoa</name>
  <name>Amina</name>
  <name>Amira</name>
  <name>Amna</name>
  <name>Amtmannsnes</name>
  <name>Amund</name>
  <name>Anbjørg</name>
  <name>Andebu</name>
  <name>Andenes</name>
  <name>Andrine</name>
  <name>Andrzej</name>
  <name>Andselv</name>
  <name>Andslimoen</name>
  <name>Andøy</name>
  <name>Aneta</name>
  <name>Anett</name>
  <name>Anfinn</name>
  <name>Angelika</name>
  <name>Anine</name>
  <name>Anlaug</name>
  <name>Ann Helen</name>
  <name>Ann Karin</name>
  <name>Ann Kristin</name>
  <name>Anna Marie</name>
  <name>Annar</name>
  <name>Annbjørg</name>
  <name>Ann-Christin</name>
  <name>Anne Berit</name>
  <name>Anne Brit</name>
  <name>Anne Britt</name>
  <name>Anne Cathrine</name>
  <name>Anne Elisabeth</name>
  <name>Anne Grete</name>
  <name>Anne Grethe</name>
  <name>Anne Helene</name>
  <name>Anne Kari</name>
  <name>Anne Karin</name>
  <name>Anne Kristin</name>
  <name>Anne Kristine</name>
  <name>Anne Lise</name>
  <name>Anne Margrethe</name>
  <name>Anne Mari</name>
  <name>Anne Maria</name>
  <name>Anne Marie</name>
  <name>Anne Marit</name>
  <name>Anne Mette</name>
  <name>Anne Sofie</name>
  <name>Anne-Berit</name>
  <name>Anne-Brit</name>
  <name>Anne-Britt</name>
  <name>Anne-Grete</name>
  <name>Anne-Grethe</name>
  <name>Anne-Kari</name>
  <name>Anne-Karin</name>
  <name>Anne-Kristin</name>
  <name>Anne-Lene</name>
  <name>Anneli</name>
  <name>Annelise</name>
  <name>Anne-Lise</name>
  <name>Anne-Mari</name>
  <name>Anne-Marie</name>
  <name>Anne-Marit</name>
  <name>Anne-Mette</name>
  <name>Anne-Sofie</name>
  <name>Ann-Helen</name>
  <name>Anni</name>
  <name>Anniken</name>
  <name>Ann-Karin</name>
  <name>Ann-Kristin</name>
  <name>Annlaug</name>
  <name>Ann-Mari</name>
  <name>Anny</name>
  <name>Ansgar</name>
  <name>Antarktis</name>
  <name>Antigua og Barbuda</name>
  <name>Are</name>
  <name>Aremark</name>
  <name>Arendal</name>
  <name>Arent</name>
  <name>Argentina</name>
  <name>Ariana</name>
  <name>Arild</name>
  <name>Arna</name>
  <name>Arne</name>
  <name>Arnfinn</name>
  <name>Arnhild</name>
  <name>Arnljot</name>
  <name>Arnt</name>
  <name>Arnulf</name>
  <name>Artur</name>
  <name>Arve</name>
  <name>Arvid</name>
  <name>Asbjørg</name>
  <name>Asbjørn</name>
  <name>Ascension</name>
  <name>Aserbajdsjan</name>
  <name>Asgeir</name>
  <name>Asha</name>
  <name>Ask</name>
  <name>Asker</name>
  <name>Askgrenda</name>
  <name>Askim</name>
  <name>Askje</name>
  <name>Askjem</name>
  <name>Askvoll</name>
  <name>Askøy</name>
  <name>Aslak</name>
  <name>Aslaug</name>
  <name>Asle</name>
  <name>Asma</name>
  <name>Asmund</name>
  <name>Asta</name>
  <name>Astri</name>
  <name>Astrid Marie</name>
  <name>Atle</name>
  <name>Aud</name>
  <name>Audhild</name>
  <name>Audnedal</name>
  <name>Audny</name>
  <name>Audun</name>
  <name>Aukra</name>
  <name>Aulifeltet</name>
  <name>Aurdal</name>
  <name>Aure</name>
  <name>Aurland</name>
  <name>Aurlandsvangen</name>
  <name>Aurora</name>
  <name>Aurskog-Høland</name>
  <name>Aursmoen</name>
  <name>Aust-Agder</name>
  <name>Austevoll</name>
  <name>Austmarka</name>
  <name>Austnes</name>
  <name>Australasia</name>
  <name>Australia</name>
  <name>Austreim</name>
  <name>Austrheim</name>
  <name>Ausvika</name>
  <name>Avaldsnes</name>
  <name>Averøy</name>
  <name>Ayan</name>
  <name>Ayla</name>
  <name>Ayse</name>
  <name>Baard</name>
  <name>Bagn</name>
  <name>Bahrain</name>
  <name>Balestrand</name>
  <name>Ballangen</name>
  <name>Ballstad</name>
  <name>Balsfjord</name>
  <name>Bamble</name>
  <name>Bangsund</name>
  <name>Barbro</name>
  <name>Bardu</name>
  <name>Barkåker</name>
  <name>Barun Münchhausen</name>
  <name>Bastian</name>
  <name>Batnfjordsøra</name>
  <name>Beata</name>
  <name>Beate</name>
  <name>Beathe</name>
  <name>Beiarn</name>
  <name>Beisfjord</name>
  <name>Beitostølen</name>
  <name>Bekkelaget</name>
  <name>Bekkjarvik</name>
  <name>Belgia</name>
  <name>Belgisk Kongo</name>
  <name>Belinda</name>
  <name>Bendik</name>
  <name>Benedicte</name>
  <name>Benedikte</name>
  <name>Bengt</name>
  <name>Bent</name>
  <name>Bente</name>
  <name>Benthe</name>
  <name>Berg</name>
  <name>Berger</name>
  <name>Bergit</name>
  <name>Bergliot</name>
  <name>Bergljot</name>
  <name>Bergsmo</name>
  <name>Bergsåsen</name>
  <name>Berit</name>
  <name>Berkåk</name>
  <name>Berlevåg</name>
  <name>Bernhard</name>
  <name>Bernt</name>
  <name>Bertil</name>
  <name>Bertine</name>
  <name>Betina</name>
  <name>Bettina</name>
  <name>Bindal</name>
  <name>Birger</name>
  <name>Birgit</name>
  <name>Birgith</name>
  <name>Birgitta</name>
  <name>Birgitte</name>
  <name>Biri</name>
  <name>Birk</name>
  <name>Birkeland</name>
  <name>Birkenes</name>
  <name>Birte</name>
  <name>Birthe</name>
  <name>Bismo</name>
  <name>Biørn</name>
  <name>Bjarne</name>
  <name>Bjarte</name>
  <name>Bjerka</name>
  <name>Bjerkreim</name>
  <name>Bjerkvik</name>
  <name>Bjertnestunet</name>
  <name>Bjervamoen</name>
  <name>Bjugn</name>
  <name>Bjølstad</name>
  <name>Bjørg</name>
  <name>Bjørge</name>
  <name>Bjørkelangen</name>
  <name>Bjørn</name>
  <name>Bjørn Erik</name>
  <name>Bjørn Olav</name>
  <name>Bjørn Tore</name>
  <name>Bjørnar</name>
  <name>Bjørn-Erik</name>
  <name>Bjørnevatn</name>
  <name>Blaker</name>
  <name>Blakstad</name>
  <name>Bleik</name>
  <name>Blomvåg</name>
  <name>Blæstadgrenda</name>
  <name>Bodil</name>
  <name>Bodø</name>
  <name>Bogen</name>
  <name>Bokn</name>
  <name>Borgar</name>
  <name>Borgen</name>
  <name>Borghild</name>
  <name>Borgny</name>
  <name>Borkenes</name>
  <name>Bosnia-Hercegovina</name>
  <name>Botngård</name>
  <name>Botswana</name>
  <name>Botten</name>
  <name>Bouvetøya</name>
  <name>Brage</name>
  <name>Brandal</name>
  <name>Brandbu</name>
  <name>Brandsøy</name>
  <name>Brasil</name>
  <name>Braskereidfoss</name>
  <name>Bratsberg</name>
  <name>Brattvåg</name>
  <name>Brede</name>
  <name>Breivikbotn</name>
  <name>Brekkeåsen</name>
  <name>Brekstad</name>
  <name>Bremanger</name>
  <name>Bremsnes</name>
  <name>Brennåsen</name>
  <name>Brit</name>
  <name>Brita</name>
  <name>Brith</name>
  <name>Britt</name>
  <name>Bror</name>
  <name>Bru</name>
  <name>Bruflat</name>
  <name>Brumunddal</name>
  <name>Brunstad</name>
  <name>Brusand</name>
  <name>Bryggja</name>
  <name>Bryne</name>
  <name>Brynhild</name>
  <name>Brynjar</name>
  <name>Brynjulf</name>
  <name>Brønnsletten</name>
  <name>Brønnøy</name>
  <name>Brønnøysund</name>
  <name>Brårud</name>
  <name>Bud</name>
  <name>Burfjord</name>
  <name>Burma</name>
  <name>Buskerud</name>
  <name>Buskogen</name>
  <name>Buvika</name>
  <name>Bybrua</name>
  <name>Bygland</name>
  <name>Byglandsfjord</name>
  <name>Bykle</name>
  <name>Byremo</name>
  <name>Byrkjelo</name>
  <name>Byrknes</name>
  <name>Bærum</name>
  <name>Bø</name>
  <name>Bømlo</name>
  <name>Børge</name>
  <name>Børre</name>
  <name>Børsa</name>
  <name>Bøverbru</name>
  <name>Bård</name>
  <name>Båtsfjord</name>
  <name>Canada</name>
  <name>Carina</name>
  <name>Carsten</name>
  <name>Cassandra</name>
  <name>Catharina</name>
  <name>Cathrin</name>
  <name>Cato</name>
  <name>Catrine</name>
  <name>Caymanøyene</name>
  <name>Celina</name>
  <name>Cesilie</name>
  <name>Ceuta og Melilla</name>
  <name>Christel</name>
  <name>Christen</name>
  <name>Christer</name>
  <name>Christin</name>
  <name>Christmasøya</name>
  <name>Cicilie</name>
  <name>Clara</name>
  <name>Claus</name>
  <name>Clippertonøya</name>
  <name>Cookøyene</name>
  <name>Curaçao</name>
  <name>Dagfinn</name>
  <name>Dagfrid</name>
  <name>Dagmar</name>
  <name>Dagny</name>
  <name>Dagrun</name>
  <name>Dalemarka</name>
  <name>Dalen</name>
  <name>Daniela</name>
  <name>Daniella</name>
  <name>Danmark</name>
  <name>Danuta</name>
  <name>Darbu</name>
  <name>Daria</name>
  <name>Davanger</name>
  <name>De amerikanske jomfruøyene</name>
  <name>De britiske jomfruøyene</name>
  <name>De forente arabiske emirater</name>
  <name>De franske sørterritorier</name>
  <name>Degernes</name>
  <name>Den demokratiske republikken Kongo</name>
  <name>Den dominikanske republikk</name>
  <name>Den sentralafrikanske republikk</name>
  <name>Den tsjekkiske republikk</name>
  <name>Desiree</name>
  <name>Det britiske territoriet i Indiahavet</name>
  <name>Det palestinske området</name>
  <name>Didrik</name>
  <name>Diego Garcia</name>
  <name>Dimmelsvik</name>
  <name>Disenå</name>
  <name>Dokka</name>
  <name>Dombås</name>
  <name>Dominica</name>
  <name>Dominika</name>
  <name>Dordi</name>
  <name>Dorthe</name>
  <name>Dorthea</name>
  <name>Dostojevskij</name>
  <name>Dovre</name>
  <name>DR Kongo</name>
  <name>Drag</name>
  <name>Dragsund</name>
  <name>Drammen</name>
  <name>Drangedal</name>
  <name>Drøbak</name>
  <name>Dyrøy</name>
  <name>Dønna</name>
  <name>Ebba</name>
  <name>Ecuador</name>
  <name>Edel</name>
  <name>Edin</name>
  <name>Edit</name>
  <name>Edita</name>
  <name>Edle</name>
  <name>Edna</name>
  <name>Edny</name>
  <name>Edvard</name>
  <name>Edvin</name>
  <name>Edyta</name>
  <name>Egersund</name>
  <name>Eggkleiva</name>
  <name>Egil</name>
  <name>Egypt</name>
  <name>Eid</name>
  <name>Eidbukta</name>
  <name>Eide</name>
  <name>Eidfjord</name>
  <name>Eidsberg</name>
  <name>Eidsbotn</name>
  <name>Eidskog</name>
  <name>Eidsvik</name>
  <name>Eidsvoll</name>
  <name>Eidsvåg</name>
  <name>Eigersund</name>
  <name>Eigil</name>
  <name>Eikefjord</name>
  <name>Eikeland</name>
  <name>Eikelandsosen</name>
  <name>Eilen</name>
  <name>Eilert</name>
  <name>Eilif</name>
  <name>Eina</name>
  <name>Einar</name>
  <name>Eira</name>
  <name>Eirik</name>
  <name>Eirin</name>
  <name>Eivind</name>
  <name>Eivindvik</name>
  <name>Eivor</name>
  <name>Ekaterina</name>
  <name>Ekeberg</name>
  <name>Ekne</name>
  <name>Ekvatorial-Guinea</name>
  <name>Elbjørg</name>
  <name>Eldar</name>
  <name>Eldbjørg</name>
  <name>Eldrid</name>
  <name>Elen</name>
  <name>Elfenbenskysten</name>
  <name>Elfrid</name>
  <name>Elida</name>
  <name>Elina</name>
  <name>Eline</name>
  <name>Elisabet</name>
  <name>Elise</name>
  <name>Eliza</name>
  <name>Ellen Marie</name>
  <name>Ellev</name>
  <name>Elling</name>
  <name>Ellinor</name>
  <name>Elna</name>
  <name>Elnesvågen</name>
  <name>Else</name>
  <name>Else Karin</name>
  <name>Else Marie</name>
  <name>Else-Marie</name>
  <name>Eltonåsen</name>
  <name>Elverum</name>
  <name>Elvira</name>
  <name>Elzbieta</name>
  <name>Embla</name>
  <name>Emelie</name>
  <name>Emina</name>
  <name>Emine</name>
  <name>Emmy</name>
  <name>Endre</name>
  <name>Enebakk</name>
  <name>Engerdal</name>
  <name>Enok</name>
  <name>Erich</name>
  <name>Erland</name>
  <name>Erle</name>
  <name>Erlend</name>
  <name>Erling</name>
  <name>Erna</name>
  <name>Ersfjordbotn</name>
  <name>Esben</name>
  <name>Eskil</name>
  <name>Eskild</name>
  <name>Espeland</name>
  <name>Espen</name>
  <name>Ester</name>
  <name>Estland</name>
  <name>Eswatini</name>
  <name>Etiopia</name>
  <name>Etne</name>
  <name>Etnedal</name>
  <name>EU</name>
  <name>Europa</name>
  <name>eurosonen</name>
  <name>Eva</name>
  <name>Eva Marie</name>
  <name>Evald</name>
  <name>Evelina</name>
  <name>Even</name>
  <name>Evenes</name>
  <name>Evenskjær</name>
  <name>Evje</name>
  <name>Evje og Hornnes</name>
  <name>Evy</name>
  <name>Ewa</name>
  <name>Ewelina</name>
  <name>Eystein</name>
  <name>Eyvind</name>
  <name>Fabian</name>
  <name>Fadumo</name>
  <name>Fagerliåsen</name>
  <name>Fagernes</name>
  <name>Fagerstrand</name>
  <name>Falklandsøyene</name>
  <name>Fanahammeren</name>
  <name>Fannrem</name>
  <name>Fardalen</name>
  <name>Farstad</name>
  <name>Farsund</name>
  <name>Fatemeh</name>
  <name>Fatma</name>
  <name>Fauske</name>
  <name>Feda</name>
  <name>Fedje</name>
  <name>Ferdinand</name>
  <name>Ferkingstad</name>
  <name>Fetsund</name>
  <name>Figgjo</name>
  <name>Fiji</name>
  <name>Fiksdal</name>
  <name>Filip</name>
  <name>Filippinene</name>
  <name>Fillan</name>
  <name>Finland</name>
  <name>Finn</name>
  <name>Finnbråtan</name>
  <name>Finnestad</name>
  <name>Finnmark</name>
  <name>Finnsnes</name>
  <name>Finnøy</name>
  <name>Fiskåbygd</name>
  <name>Fitjar</name>
  <name>Fjaler</name>
  <name>Fjell</name>
  <name>Fjellfoten</name>
  <name>Fjellsrud</name>
  <name>Fjellstad</name>
  <name>Fjellstrand</name>
  <name>Fjodor Dostojevskij</name>
  <name>Fjodor Mikhajlovitsj Dostojevskij</name>
  <name>Flakstad</name>
  <name>Flatanger</name>
  <name>Flateby</name>
  <name>Flekke</name>
  <name>Flekkefjord</name>
  <name>Flesberg</name>
  <name>Flesland</name>
  <name>Flisa</name>
  <name>Flora</name>
  <name>Florø</name>
  <name>Flå</name>
  <name>FN</name>
  <name>Foldrøy</name>
  <name>Folkestad</name>
  <name>Follafoss</name>
  <name>Folldal</name>
  <name>Follebu</name>
  <name>Forbregd</name>
  <name>Forland</name>
  <name>Forsand</name>
  <name>Forset</name>
  <name>Forsøl</name>
  <name>Fosnavåg</name>
  <name>Fosnes</name>
  <name>Fossbergom</name>
  <name>Fossnes</name>
  <name>Fotlandsvåg</name>
  <name>Frank</name>
  <name>Frankrike</name>
  <name>Fransk Guyana</name>
  <name>Fransk Polynesia</name>
  <name>Fredrick</name>
  <name>Fredrik</name>
  <name>Fredrikke</name>
  <name>Fredrikstad</name>
  <name>Frekhaug</name>
  <name>Frid</name>
  <name>Fride</name>
  <name>Fridtjof</name>
  <name>Fristaten Kongo</name>
  <name>Frithjof</name>
  <name>Frits</name>
  <name>Frode</name>
  <name>Frogn</name>
  <name>Frogner</name>
  <name>Froland</name>
  <name>Frommereid</name>
  <name>Frosta</name>
  <name>Fræna</name>
  <name>Frøya</name>
  <name>Frøydis</name>
  <name>Fuglevik</name>
  <name>Furuflaten</name>
  <name>Fusa</name>
  <name>Fyresdal</name>
  <name>Færder</name>
  <name>Færøyene</name>
  <name>Førde</name>
  <name>Førdesfjorden</name>
  <name>Fåberg</name>
  <name>Fåvang</name>
  <name>Gabriela</name>
  <name>Gabriele</name>
  <name>Galina</name>
  <name>Gamvik</name>
  <name>Gangstadhaugen</name>
  <name>Gard</name>
  <name>Gata</name>
  <name>Gaular</name>
  <name>Gaupne</name>
  <name>Gausdal</name>
  <name>Gaute</name>
  <name>Geilo</name>
  <name>Geir</name>
  <name>Geir Arne</name>
  <name>Geir Ove</name>
  <name>Geithus</name>
  <name>Gerd</name>
  <name>Gerda</name>
  <name>Gerhard</name>
  <name>Gert</name>
  <name>Gibostad</name>
  <name>Gildeskål</name>
  <name>Gilja</name>
  <name>Gine</name>
  <name>Giske</name>
  <name>Gisle</name>
  <name>Gitte</name>
  <name>Gjemnes</name>
  <name>Gjerde</name>
  <name>Gjerdrum</name>
  <name>Gjermund</name>
  <name>Gjerstad</name>
  <name>Gjert</name>
  <name>Gjertrud</name>
  <name>Gjesdal</name>
  <name>Gjøvik</name>
  <name>Gladstad</name>
  <name>Glesnes</name>
  <name>Glomfjord</name>
  <name>Glomstein</name>
  <name>Gloppen</name>
  <name>Glosli</name>
  <name>Glærem</name>
  <name>Gol</name>
  <name>Gomnes</name>
  <name>Gorm</name>
  <name>Grace</name>
  <name>Gran</name>
  <name>Grane</name>
  <name>Granrudmoen</name>
  <name>Granvin</name>
  <name>Gratangen</name>
  <name>Gravdal</name>
  <name>Grazyna</name>
  <name>Greta</name>
  <name>Grete</name>
  <name>Gretha</name>
  <name>Grethe</name>
  <name>Grimstad</name>
  <name>Grinde</name>
  <name>Grodås</name>
  <name>Grong</name>
  <name>Grov</name>
  <name>Grua</name>
  <name>Grue</name>
  <name>Gry</name>
  <name>Gryllefjord</name>
  <name>Grøa</name>
  <name>Grønlund</name>
  <name>Gudbrand</name>
  <name>Gudmund</name>
  <name>Gudny</name>
  <name>Gudrun</name>
  <name>Gudveig</name>
  <name>Guinea-Bissau</name>
  <name>Gulbrand</name>
  <name>Gulen</name>
  <name>Gullhaug</name>
  <name>Gun</name>
  <name>Gunda</name>
  <name>Gunder</name>
  <name>Gunhild</name>
  <name>Gunlaug</name>
  <name>Gunn</name>
  <name>Gunnbjørg</name>
  <name>Gunnhild</name>
  <name>Gunnlaug</name>
  <name>Gunnvor</name>
  <name>Gunvald</name>
  <name>Gunvor</name>
  <name>Guri</name>
  <name>Guro</name>
  <name>Guttorm</name>
  <name>Gvarv</name>
  <name>Gyda</name>
  <name>Gøran</name>
  <name>Gøril</name>
  <name>Haagen</name>
  <name>Haakon</name>
  <name>Hadsel</name>
  <name>Hafslo</name>
  <name>Haga</name>
  <name>Haganes</name>
  <name>Halden</name>
  <name>Haldis</name>
  <name>Haldor</name>
  <name>Halfdan</name>
  <name>Halldis</name>
  <name>Hallgeir</name>
  <name>Hallingby</name>
  <name>Hallstein</name>
  <name>Hallvard</name>
  <name>Halsa</name>
  <name>Halvar</name>
  <name>Halvard</name>
  <name>Halvdan</name>
  <name>Halvor</name>
  <name>Hamar</name>
  <name>Hamarøy</name>
  <name>Hammarsland</name>
  <name>Hammarvika</name>
  <name>Hammerfest</name>
  <name>Hamnås</name>
  <name>Hamre</name>
  <name>Hamza</name>
  <name>Hana</name>
  <name>Hanan</name>
  <name>Hanne</name>
  <name>Hans</name>
  <name>Hans Christian</name>
  <name>Hans Jørgen</name>
  <name>Hans Kristian</name>
  <name>Hans Olav</name>
  <name>Hans Petter</name>
  <name>Hansnes</name>
  <name>Hans-Petter</name>
  <name>Hanøy</name>
  <name>Haram</name>
  <name>Hardbakke</name>
  <name>Hareid</name>
  <name>Harestua</name>
  <name>Harpefoss</name>
  <name>Harstad</name>
  <name>Hasan</name>
  <name>Hasle</name>
  <name>Hasvik</name>
  <name>Hatice</name>
  <name>Hattfjelldal</name>
  <name>Hauge</name>
  <name>Haugesund</name>
  <name>Haugland</name>
  <name>Haugo</name>
  <name>Haugsbygda</name>
  <name>Hauknes</name>
  <name>Hausvik</name>
  <name>Havøysund</name>
  <name>Heard- og McDonaldøyene</name>
  <name>Hedda</name>
  <name>Hedmark</name>
  <name>Hedvig</name>
  <name>Hege</name>
  <name>Heggedal</name>
  <name>Heggelia</name>
  <name>Heggenes</name>
  <name>Hegra</name>
  <name>Heine</name>
  <name>Heiås</name>
  <name>Helene</name>
  <name>Helgelandsmoen</name>
  <name>Helgeroa</name>
  <name>Hell</name>
  <name>Hellas</name>
  <name>Helle</name>
  <name>Hellesylt</name>
  <name>Hellvik</name>
  <name>Hemne</name>
  <name>Hemnes</name>
  <name>Hemnesberget</name>
  <name>Hemsedal</name>
  <name>Hendrich</name>
  <name>Hennie</name>
  <name>Henning</name>
  <name>Henningsvær</name>
  <name>Henny</name>
  <name>Henrich</name>
  <name>Henriette</name>
  <name>Henrikke</name>
  <name>Herbjørn</name>
  <name>Herborg</name>
  <name>Herdis</name>
  <name>Hermann</name>
  <name>Hermansverk</name>
  <name>Hermine</name>
  <name>Hermod</name>
  <name>Herre</name>
  <name>Herøy</name>
  <name>Herøysund</name>
  <name>Hesseng</name>
  <name>Hestvika</name>
  <name>Hild</name>
  <name>Hilda</name>
  <name>Hilde</name>
  <name>Hilde Kristin</name>
  <name>Hilde Marie</name>
  <name>Hildegunn</name>
  <name>Hildur</name>
  <name>Hilmar</name>
  <name>Hitra</name>
  <name>Hjalmar</name>
  <name>Hjartdal</name>
  <name>Hjelmeland</name>
  <name>Hjelmelandsvågen</name>
  <name>Hjelset</name>
  <name>Hjukse</name>
  <name>Hjørdis</name>
  <name>Hjørungavåg</name>
  <name>Hobøl</name>
  <name>Hoelsand</name>
  <name>Hof</name>
  <name>Hoffland</name>
  <name>Hogne</name>
  <name>Hogsetfeltet</name>
  <name>Hol</name>
  <name>Hole</name>
  <name>Holevik</name>
  <name>Holger</name>
  <name>Hollingen</name>
  <name>Holm</name>
  <name>Holme</name>
  <name>Holmestrand</name>
  <name>Holmsbu</name>
  <name>Holtålen</name>
  <name>Hommelstø</name>
  <name>Hommelvik</name>
  <name>Hommersåk</name>
  <name>Honduras</name>
  <name>Hongkong</name>
  <name>Hongkong S.A.R. Kina</name>
  <name>Honningsvåg</name>
  <name>Hordaland</name>
  <name>Hordnes</name>
  <name>Hornindal</name>
  <name>Horten</name>
  <name>Hov</name>
  <name>Hovden</name>
  <name>Hovdenakken</name>
  <name>Hovin</name>
  <name>Hulda</name>
  <name>Hundorp</name>
  <name>Hunn</name>
  <name>Hurdal</name>
  <name>Hurum</name>
  <name>Husnes</name>
  <name>Husøy</name>
  <name>Hvaler</name>
  <name>Hvasser</name>
  <name>Hviterussland</name>
  <name>Hvittingfoss</name>
  <name>Hyggen</name>
  <name>Hylla</name>
  <name>Hyllestad</name>
  <name>Hæen</name>
  <name>Hægebostad</name>
  <name>Hægeland</name>
  <name>Høle</name>
  <name>Hølen</name>
  <name>Høllen</name>
  <name>Hønefoss</name>
  <name>Høvåg</name>
  <name>Høyanger</name>
  <name>Høyjord</name>
  <name>Høylandet</name>
  <name>Høysand</name>
  <name>Hå</name>
  <name>Håkon</name>
  <name>Håkvik</name>
  <name>Hålandsmarka</name>
  <name>Håvar</name>
  <name>Håvard</name>
  <name>Iben</name>
  <name>Ibestad</name>
  <name>Ida</name>
  <name>Ida Marie</name>
  <name>Idar</name>
  <name>Idun</name>
  <name>Idunn</name>
  <name>Ieva</name>
  <name>Ikornnes</name>
  <name>Ilhaugen</name>
  <name>Ilona</name>
  <name>Ilseng</name>
  <name>Iman</name>
  <name>Ina</name>
  <name>Inderøy</name>
  <name>Indonesia</name>
  <name>Indre Fosen</name>
  <name>Ine</name>
  <name>Inga</name>
  <name>Ingar</name>
  <name>Inge</name>
  <name>Ingeberg</name>
  <name>Ingebjørg</name>
  <name>Ingeborg</name>
  <name>Ingebrigt</name>
  <name>Ingelin</name>
  <name>Inger</name>
  <name>Inger Elisabeth</name>
  <name>Inger Helene</name>
  <name>Inger Johanne</name>
  <name>Inger Karin</name>
  <name>Inger Lise</name>
  <name>Inger Margrethe</name>
  <name>Inger Marie</name>
  <name>Ingerid</name>
  <name>Inger-Johanne</name>
  <name>Inger-Lise</name>
  <name>Inger-Marie</name>
  <name>Ingfrid</name>
  <name>Inghild</name>
  <name>Ingjerd</name>
  <name>Ingmar</name>
  <name>Ingolf</name>
  <name>Ingri</name>
  <name>Ingrid Marie</name>
  <name>Ingun</name>
  <name>Ingunn</name>
  <name>Ingvald</name>
  <name>Ingvar</name>
  <name>Ingve</name>
  <name>Ingvil</name>
  <name>Ingvild</name>
  <name>Ingvill</name>
  <name>Innbygda</name>
  <name>Inndyr</name>
  <name>Innfjorden</name>
  <name>Innvik</name>
  <name>Irak</name>
  <name>Iran</name>
  <name>Iren</name>
  <name>Irena</name>
  <name>Iris</name>
  <name>Irland</name>
  <name>Irmelin</name>
  <name>Isa</name>
  <name>Ise</name>
  <name>Isebakke</name>
  <name>Iselin</name>
  <name>Isfjorden</name>
  <name>Island</name>
  <name>Islas Malvinas</name>
  <name>Ismail</name>
  <name>Italia</name>
  <name>Ivar</name>
  <name>Iveland</name>
  <name>Iver</name>
  <name>Iwona</name>
  <name>Izabela</name>
  <name>Jahn</name>
  <name>Jan</name>
  <name>Jan Egil</name>
  <name>Jan Erik</name>
  <name>Jan Gunnar</name>
  <name>Jan Helge</name>
  <name>Jan Inge</name>
  <name>Jan Ivar</name>
  <name>Jan Olav</name>
  <name>Jan Ove</name>
  <name>Jan Petter</name>
  <name>Jan Tore</name>
  <name>Jana</name>
  <name>Jan-Erik</name>
  <name>Janicke</name>
  <name>Janita</name>
  <name>Jann</name>
  <name>Janniche</name>
  <name>Jannicke</name>
  <name>Jannike</name>
  <name>Jansberg</name>
  <name>Jarand</name>
  <name>Jardar</name>
  <name>Jaren</name>
  <name>Jarl</name>
  <name>Jarle</name>
  <name>Jasmin</name>
  <name>Jeanett</name>
  <name>Jelena</name>
  <name>Jelsnes</name>
  <name>Jemen</name>
  <name>Jennie</name>
  <name>Jens</name>
  <name>Jessheim</name>
  <name>Jette</name>
  <name>Jevnaker</name>
  <name>Joacim</name>
  <name>Joanna</name>
  <name>Joar</name>
  <name>Joen</name>
  <name>Jofrid</name>
  <name>Johanes</name>
  <name>Johann</name>
  <name>Jolanta</name>
  <name>Jomar</name>
  <name>Jon</name>
  <name>Jonatan</name>
  <name>Jondal</name>
  <name>Jone</name>
  <name>Jonn</name>
  <name>Jonny</name>
  <name>Jorid</name>
  <name>Jortveit</name>
  <name>Jorun</name>
  <name>Jorunn</name>
  <name>Jostein</name>
  <name>Judaberg</name>
  <name>Judit</name>
  <name>Juliane</name>
  <name>Julianne</name>
  <name>Juni</name>
  <name>Jurgita</name>
  <name>Justyna</name>
  <name>Jølster</name>
  <name>Jøran</name>
  <name>Jørgen</name>
  <name>Jørn</name>
  <name>Jørpeland</name>
  <name>Jørstadmoen</name>
  <name>Jørund</name>
  <name>Kaare</name>
  <name>Kabelvåg</name>
  <name>Kai</name>
  <name>Kaia</name>
  <name>Kaisa</name>
  <name>Kaj</name>
  <name>Kaja</name>
  <name>Kaland</name>
  <name>Kalvåg</name>
  <name>Kambodsja</name>
  <name>Kamerun</name>
  <name>Kamilla</name>
  <name>Kampå</name>
  <name>Kanariøyene</name>
  <name>Kapp</name>
  <name>Kapp Verde</name>
  <name>Karasjok</name>
  <name>Karen Marie</name>
  <name>Kari</name>
  <name>Karianne</name>
  <name>Kari-Anne</name>
  <name>Karibia</name>
  <name>Karibisk Nederland</name>
  <name>Karin</name>
  <name>Karina</name>
  <name>Karine</name>
  <name>Karla</name>
  <name>Karlestrand</name>
  <name>Karlshus</name>
  <name>Karlsøy</name>
  <name>Karmøy</name>
  <name>Karolina</name>
  <name>Karoline</name>
  <name>Karstein</name>
  <name>Karsten</name>
  <name>Kart</name>
  <name>Kart Anne</name>
  <name>Kasakhstan</name>
  <name>Katarzyna</name>
  <name>Katharina</name>
  <name>Kathe</name>
  <name>Kathinka</name>
  <name>Kathrin</name>
  <name>Kathrine</name>
  <name>Katinka</name>
  <name>Katja</name>
  <name>Kato</name>
  <name>Katrin</name>
  <name>Kaupanger</name>
  <name>Kautokeino</name>
  <name>Kay</name>
  <name>Kennet</name>
  <name>Kerstin</name>
  <name>Ketil</name>
  <name>Khadija</name>
  <name>Kiberg</name>
  <name>Kil</name>
  <name>Kilsund</name>
  <name>Kim Andre</name>
  <name>Kim-Andre</name>
  <name>Kine</name>
  <name>Kinga</name>
  <name>Kinsarvik</name>
  <name>Kirgisistan</name>
  <name>Kirkebygda</name>
  <name>Kirkebygden</name>
  <name>Kirkegrenda</name>
  <name>Kirkenes</name>
  <name>Kirkenær</name>
  <name>Kirkevoll</name>
  <name>Kirsti</name>
  <name>Kitty</name>
  <name>Kjartan</name>
  <name>Kjell</name>
  <name>Kjell Arne</name>
  <name>Kjellaug</name>
  <name>Kjellfrid</name>
  <name>Kjellmyra</name>
  <name>Kjellrun</name>
  <name>Kjersti</name>
  <name>Kjerstin</name>
  <name>Kjetil</name>
  <name>Kjosen</name>
  <name>Kjøllefjord</name>
  <name>Kjøpmannsskjær</name>
  <name>Kjøpsvik</name>
  <name>Kjørnes</name>
  <name>Klara</name>
  <name>Klaudia</name>
  <name>Kleive</name>
  <name>Klepp</name>
  <name>Kleppe</name>
  <name>Klevjer</name>
  <name>Klokkarstua</name>
  <name>Klokkarvik</name>
  <name>Klæbu</name>
  <name>Kløfta</name>
  <name>Knappskog</name>
  <name>Knarrevik</name>
  <name>Knarvik</name>
  <name>Knud</name>
  <name>Knut</name>
  <name>Knut Arne</name>
  <name>Knut Erik</name>
  <name>Kodal</name>
  <name>Kokosøyene</name>
  <name>Kolbjørn</name>
  <name>Kolbu</name>
  <name>Kolnes</name>
  <name>Kolvereid</name>
  <name>Komorene</name>
  <name>Konglungen</name>
  <name>Kongo</name>
  <name>Kongo-Brazzaville</name>
  <name>Kongo-Kinshasa</name>
  <name>Kongsberg</name>
  <name>Kongsvinger</name>
  <name>Konrad</name>
  <name>Konstanse</name>
  <name>Kopervik</name>
  <name>Koppang</name>
  <name>Korgen</name>
  <name>Kornelia</name>
  <name>Korsvegen</name>
  <name>Korsvik</name>
  <name>Kragerø</name>
  <name>Kristel</name>
  <name>Kristen</name>
  <name>Krister</name>
  <name>Kristi</name>
  <name>Kristian</name>
  <name>Kristiane</name>
  <name>Kristiansand</name>
  <name>Kristiansund</name>
  <name>Kristine</name>
  <name>Kristoffer</name>
  <name>Kroatia</name>
  <name>Krokeidet</name>
  <name>Kroksund</name>
  <name>Krossberg</name>
  <name>Krossen</name>
  <name>Krossneset</name>
  <name>Krystyna</name>
  <name>Krzysztof</name>
  <name>Krøderen</name>
  <name>Krødsherad</name>
  <name>Kråkstad</name>
  <name>Kuwait</name>
  <name>Kvalsund</name>
  <name>Kvaløysletta</name>
  <name>Kvam</name>
  <name>Kvelde</name>
  <name>Kvernaland</name>
  <name>Kvinesdal</name>
  <name>Kvinnherad</name>
  <name>Kviteseid</name>
  <name>Kvithammer</name>
  <name>Kvitsøy</name>
  <name>Kvæfjord</name>
  <name>Kvænangen</name>
  <name>Kvål</name>
  <name>Kylstad</name>
  <name>Kypros</name>
  <name>Kyrkjebø</name>
  <name>Kyrksæterøra</name>
  <name>Kyrre</name>
  <name>Kåfjord</name>
  <name>Kåfjordbotn</name>
  <name>Kåre</name>
  <name>Kårvåg</name>
  <name>Laila</name>
  <name>Lajla</name>
  <name>Lakselv</name>
  <name>Lalm</name>
  <name>Lampeland</name>
  <name>Langangen</name>
  <name>Langevåg</name>
  <name>Langhaugane</name>
  <name>Langset</name>
  <name>Langørjan</name>
  <name>Larkollen</name>
  <name>Lars Erik</name>
  <name>Lars Kristian</name>
  <name>Lars Petter</name>
  <name>Lars-Erik</name>
  <name>Larsnes</name>
  <name>Larvik</name>
  <name>Latin-Amerika</name>
  <name>Latvia</name>
  <name>Lauritz</name>
  <name>Lauve</name>
  <name>Lauvsnes</name>
  <name>Lavangen</name>
  <name>Lea</name>
  <name>Leah</name>
  <name>Leander</name>
  <name>Lebesby</name>
  <name>Leif</name>
  <name>Leikanger</name>
  <name>Leikny</name>
  <name>Leikong</name>
  <name>Leila</name>
  <name>Lein</name>
  <name>Leinstrand</name>
  <name>Leira</name>
  <name>Leirfjord</name>
  <name>Leirsund</name>
  <name>Leirvik</name>
  <name>Leitebakk</name>
  <name>Leiv</name>
  <name>Leka</name>
  <name>Leknes</name>
  <name>Leksvik</name>
  <name>Leland</name>
  <name>Lene</name>
  <name>Leni</name>
  <name>Lennart</name>
  <name>Lensbygda</name>
  <name>Lenvik</name>
  <name>Leona</name>
  <name>Leonora</name>
  <name>Ler</name>
  <name>Lervik</name>
  <name>Lesja</name>
  <name>Lev Nikolajevitsj Tolstoj</name>
  <name>Lev Tolstoj</name>
  <name>Levanger</name>
  <name>Levi</name>
  <name>Li</name>
  <name>Lia</name>
  <name>Liabø</name>
  <name>Libanon</name>
  <name>Liberia</name>
  <name>Lidia</name>
  <name>Lier</name>
  <name>Lierne</name>
  <name>Liknes</name>
  <name>Liland</name>
  <name>Lilian</name>
  <name>Lilja</name>
  <name>Lill</name>
  <name>Lillehammer</name>
  <name>Lillesand</name>
  <name>Lilli</name>
  <name>Lilly</name>
  <name>Lily</name>
  <name>Lin</name>
  <name>Lina</name>
  <name>Linda</name>
  <name>Lindeberg</name>
  <name>Lindesnes</name>
  <name>Lindis</name>
  <name>Lindås</name>
  <name>Line</name>
  <name>Linea</name>
  <name>Linn</name>
  <name>Linnea</name>
  <name>Linnestad</name>
  <name>Lisa</name>
  <name>Lisbet</name>
  <name>Lisbeth</name>
  <name>Lise</name>
  <name>Liss</name>
  <name>Litauen</name>
  <name>Liv</name>
  <name>Liv Karin</name>
  <name>Liv Marit</name>
  <name>Liva</name>
  <name>Live</name>
  <name>Lofthus</name>
  <name>Lom</name>
  <name>Lommedalen</name>
  <name>Lone</name>
  <name>Lonevåg</name>
  <name>Longum</name>
  <name>Loppa</name>
  <name>Lorentz</name>
  <name>Lotta</name>
  <name>Lotte</name>
  <name>Lovise</name>
  <name>Lovund</name>
  <name>Ludvig</name>
  <name>Ludvik</name>
  <name>Luna</name>
  <name>Lund</name>
  <name>Lundamo</name>
  <name>Lundermoen</name>
  <name>Lunner</name>
  <name>Lurøy</name>
  <name>Luster</name>
  <name>Luxemburg</name>
  <name>Lyefjell</name>
  <name>Lykke</name>
  <name>Lyngdal</name>
  <name>Lyngen</name>
  <name>Lyngseidet</name>
  <name>Lysthaugen</name>
  <name>Lysøysund</name>
  <name>Lærdal</name>
  <name>Lærdalsøyri</name>
  <name>Løding</name>
  <name>Lødingen</name>
  <name>Løiten brænderi</name>
  <name>Løken</name>
  <name>Løkenfeltet</name>
  <name>Løkken</name>
  <name>Løpsmarka</name>
  <name>Lørenfallet</name>
  <name>Lørenskog</name>
  <name>Løstad</name>
  <name>Løten</name>
  <name>Ma</name>
  <name>Macao</name>
  <name>Macao S.A.R. Kina</name>
  <name>Madagaskar</name>
  <name>Madelen</name>
  <name>Madelene</name>
  <name>Mads</name>
  <name>Magda</name>
  <name>Magdalena</name>
  <name>Magna</name>
  <name>Magnar</name>
  <name>Magne</name>
  <name>Magnhild</name>
  <name>Magni</name>
  <name>Magnor</name>
  <name>Magny</name>
  <name>Mai</name>
  <name>Mai-Britt</name>
  <name>Maiken</name>
  <name>Maj</name>
  <name>Maldivene</name>
  <name>Malena</name>
  <name>Malene</name>
  <name>Malgorzata</name>
  <name>Malin</name>
  <name>Malm</name>
  <name>Malme</name>
  <name>Malvik</name>
  <name>Malvin</name>
  <name>Man</name>
  <name>Mandal</name>
  <name>Manger</name>
  <name>Maren</name>
  <name>Margareth</name>
  <name>Margit</name>
  <name>Margot</name>
  <name>Margrete</name>
  <name>Margrethe</name>
  <name>Margun</name>
  <name>Margunn</name>
  <name>Mari</name>
  <name>Mariam</name>
  <name>Mariann</name>
  <name>Mari-Ann</name>
  <name>Marianne</name>
  <name>Mariell</name>
  <name>Marielle</name>
  <name>Marija</name>
  <name>Marina</name>
  <name>Marit</name>
  <name>Marit Synnøve</name>
  <name>Marita</name>
  <name>Marius</name>
  <name>Mark</name>
  <name>Marker</name>
  <name>Marlen</name>
  <name>Marnardal</name>
  <name>Marokko</name>
  <name>Marry</name>
  <name>Marshalløyene</name>
  <name>Marta</name>
  <name>Marte</name>
  <name>Marthe</name>
  <name>Marthine</name>
  <name>Martina</name>
  <name>Martine</name>
  <name>Martinus</name>
  <name>Martyna</name>
  <name>Maryam</name>
  <name>Maryan</name>
  <name>Mary-Ann</name>
  <name>Marzena</name>
  <name>Masfjorden</name>
  <name>Mathea</name>
  <name>Mathias</name>
  <name>Matias</name>
  <name>Matilda</name>
  <name>Matilde</name>
  <name>Mats</name>
  <name>Mattias</name>
  <name>Mattis</name>
  <name>Maud</name>
  <name>Maura</name>
  <name>May</name>
  <name>May Britt</name>
  <name>May-Britt</name>
  <name>May-Liss</name>
  <name>Mebonden</name>
  <name>Mehamn</name>
  <name>Mehmet</name>
  <name>Meland</name>
  <name>Melandsvågen</name>
  <name>Melanesia</name>
  <name>Melbu</name>
  <name>Meldal</name>
  <name>Melhus</name>
  <name>Melina</name>
  <name>Mellom-Amerika</name>
  <name>Melsomvik</name>
  <name>Meløy</name>
  <name>Merete</name>
  <name>Merethe</name>
  <name>Meråker</name>
  <name>Mesnali</name>
  <name>Mette</name>
  <name>Midsund</name>
  <name>Midtbygda</name>
  <name>Midtre Gauldal</name>
  <name>Mie</name>
  <name>Mikael</name>
  <name>Mikal</name>
  <name>Mikronesia</name>
  <name>Mikronesiaføderasjonen</name>
  <name>Miland</name>
  <name>Mildrid</name>
  <name>Milena</name>
  <name>Mimmi</name>
  <name>Mina</name>
  <name>Minh</name>
  <name>Minnesund</name>
  <name>Mira</name>
  <name>Mirjam</name>
  <name>Misje</name>
  <name>Missingmyr</name>
  <name>Mo</name>
  <name>Mo i Rana</name>
  <name>Moane</name>
  <name>Modalen</name>
  <name>Modum</name>
  <name>Moelv</name>
  <name>Moen</name>
  <name>Mogrenda</name>
  <name>Moi</name>
  <name>Molde</name>
  <name>Moldekleiv</name>
  <name>Moltustranda</name>
  <name>Momoen</name>
  <name>Mongolia</name>
  <name>Mons</name>
  <name>Monssveen</name>
  <name>Mork</name>
  <name>Morten</name>
  <name>Mosambik</name>
  <name>Mosjøen</name>
  <name>Moskenes</name>
  <name>Moss</name>
  <name>Mosterhamn</name>
  <name>Mosvik</name>
  <name>Movik</name>
  <name>Mule</name>
  <name>Muna</name>
  <name>Muruvik</name>
  <name>My</name>
  <name>Myanmar</name>
  <name>Myklebost</name>
  <name>Myra</name>
  <name>Myre</name>
  <name>Mysen</name>
  <name>Mære</name>
  <name>Mønshaugen-Bjørgum</name>
  <name>Møre og Romsdal</name>
  <name>Møvik</name>
  <name>Møyfrid</name>
  <name>Målfrid</name>
  <name>Målselv</name>
  <name>Måløy</name>
  <name>Måsøy</name>
  <name>Nadja</name>
  <name>Naima</name>
  <name>Nakkerud</name>
  <name>Namdalseid</name>
  <name>Namnå</name>
  <name>Namsos</name>
  <name>Namsskogan</name>
  <name>Nannestad</name>
  <name>Napp</name>
  <name>Narve</name>
  <name>Narvik</name>
  <name>Natalia</name>
  <name>Nathalie</name>
  <name>Naustdal</name>
  <name>Nederland</name>
  <name>Nedre Eiker</name>
  <name>Nedstrand</name>
  <name>Nes</name>
  <name>Nesbyen</name>
  <name>Nesbygda</name>
  <name>Nesgrenda</name>
  <name>Nesjestranda</name>
  <name>Neskollen</name>
  <name>Neslandsvatn</name>
  <name>Nesna</name>
  <name>Nesodden</name>
  <name>Nesoddtangen</name>
  <name>Nesseby</name>
  <name>Nesset</name>
  <name>Nevlunghamn</name>
  <name>Ngoc</name>
  <name>Niclas</name>
  <name>Nicolai</name>
  <name>Nicolay</name>
  <name>Niels</name>
  <name>Nikoline</name>
  <name>Nils</name>
  <name>Ninni</name>
  <name>Nissedal</name>
  <name>Nittedal</name>
  <name>Njål</name>
  <name>Nodeland</name>
  <name>Nome</name>
  <name>Noor</name>
  <name>Nora</name>
  <name>Norah</name>
  <name>Noralf</name>
  <name>Nord-Afrika</name>
  <name>Nordagutu</name>
  <name>Nord-Amerika</name>
  <name>Nord-Aurdal</name>
  <name>Norddal</name>
  <name>Norderhaug</name>
  <name>Norderhov</name>
  <name>Nord-Europa</name>
  <name>Nordfjordeid</name>
  <name>Nord-Fron</name>
  <name>Nordkapp</name>
  <name>Nordkisa</name>
  <name>Nordkjosbotn</name>
  <name>Nord-Korea</name>
  <name>Nordland</name>
  <name>Nordlia</name>
  <name>Nordlige Amerika</name>
  <name>Nord-Makedonia</name>
  <name>Nord-Marianene</name>
  <name>Nord-Odal</name>
  <name>Nordre Land</name>
  <name>Nordreisa</name>
  <name>Nordstrand</name>
  <name>Nord-Trøndelag</name>
  <name>Nordvågen</name>
  <name>Nore og Uvdal</name>
  <name>Noresund</name>
  <name>Norfolkøya</name>
  <name>Norge</name>
  <name>Norheimsund</name>
  <name>Normann</name>
  <name>Norunn</name>
  <name>Norvald</name>
  <name>Notodden</name>
  <name>Nybergsund</name>
  <name>Ny-Caledonia</name>
  <name>Nykirke</name>
  <name>Nypan</name>
  <name>Nærbø</name>
  <name>Nærland</name>
  <name>Nærnes</name>
  <name>Nærøy</name>
  <name>Oda</name>
  <name>Odd</name>
  <name>Odd Arne</name>
  <name>Odda</name>
  <name>Oddbjørg</name>
  <name>Oddbjørn</name>
  <name>Oddevall</name>
  <name>Oddfrid</name>
  <name>Oddgeir</name>
  <name>Oddlaug</name>
  <name>Oddleif</name>
  <name>Oddmund</name>
  <name>Oddny</name>
  <name>Oddrun</name>
  <name>Oddvar</name>
  <name>Oddveig</name>
  <name>Oddvin</name>
  <name>Odvar</name>
  <name>Ogna</name>
  <name>Ola</name>
  <name>Olaf</name>
  <name>Olai</name>
  <name>Olaug</name>
  <name>Olav</name>
  <name>Olden</name>
  <name>Olderdalen</name>
  <name>Ole</name>
  <name>Ole Andreas</name>
  <name>Ole Christian</name>
  <name>Ole Johan</name>
  <name>Ole Jørgen</name>
  <name>Ole Kristian</name>
  <name>Ole Martin</name>
  <name>Ole Morten</name>
  <name>Ole Petter</name>
  <name>Olea</name>
  <name>Ole-Christian</name>
  <name>Ole-Jørgen</name>
  <name>Ole-Kristian</name>
  <name>Ole-Martin</name>
  <name>Olena</name>
  <name>Ole-Petter</name>
  <name>Oline</name>
  <name>Oliwia</name>
  <name>Oltedal</name>
  <name>Oluf</name>
  <name>Olve</name>
  <name>Oma</name>
  <name>Opakermoen</name>
  <name>Oppdal</name>
  <name>Oppegård</name>
  <name>Oppeid</name>
  <name>Opphaug</name>
  <name>Oppland</name>
  <name>Orkanger</name>
  <name>Orkdal</name>
  <name>Ormåsen</name>
  <name>Os</name>
  <name>Oseania</name>
  <name>Osen</name>
  <name>Osman</name>
  <name>Osterøy</name>
  <name>Osvald</name>
  <name>Osøyro</name>
  <name>Othilie</name>
  <name>Otnes</name>
  <name>Otta</name>
  <name>Ottar</name>
  <name>Ottersbo</name>
  <name>Ottersøy</name>
  <name>Ove</name>
  <name>Overhalla</name>
  <name>Paal</name>
  <name>Palestina</name>
  <name>Papua Ny-Guinea</name>
  <name>Patrik</name>
  <name>Patrycja</name>
  <name>Pauline</name>
  <name>Peder</name>
  <name>Per Arne</name>
  <name>Per Christian</name>
  <name>Per Erik</name>
  <name>Per Gunnar</name>
  <name>Per Ivar</name>
  <name>Per Kristian</name>
  <name>Per Olav</name>
  <name>Per-Arne</name>
  <name>Per-Erik</name>
  <name>Pernille</name>
  <name>Petter</name>
  <name>Phuong</name>
  <name>Pia</name>
  <name>Piotr</name>
  <name>Pitcairnøyene</name>
  <name>Pjotr Iljitsj Tsjajkovskij</name>
  <name>Pjotr Tsjajkovskij</name>
  <name>Ploganes</name>
  <name>Polen</name>
  <name>Pollestad</name>
  <name>Polynesia</name>
  <name>Porsanger</name>
  <name>Porsgrunn</name>
  <name>Poverudbyen</name>
  <name>Preben</name>
  <name>Prestegårdshagen</name>
  <name>Prestfoss</name>
  <name>Prestmoen</name>
  <name>Preststranda</name>
  <name>Pål</name>
  <name>Radøy</name>
  <name>Rafsbotn</name>
  <name>Ragna</name>
  <name>Ragnar</name>
  <name>Ragne</name>
  <name>Ragnhild</name>
  <name>Ragni</name>
  <name>Ragnvald</name>
  <name>Rakel</name>
  <name>Rakkestad</name>
  <name>Ramsund</name>
  <name>Ramsøy</name>
  <name>Rana</name>
  <name>Randaberg</name>
  <name>Randi</name>
  <name>Ranemsletta</name>
  <name>Rannveig</name>
  <name>Ranveig</name>
  <name>Rasa</name>
  <name>Raudeberg</name>
  <name>Raufoss</name>
  <name>Rauma</name>
  <name>Rausand</name>
  <name>Re</name>
  <name>Rebecka</name>
  <name>Rebekka</name>
  <name>Regine</name>
  <name>Reidar</name>
  <name>Reidun</name>
  <name>Reidunn</name>
  <name>Reine</name>
  <name>Reinert</name>
  <name>Reinsvoll</name>
  <name>Reipå</name>
  <name>Remi</name>
  <name>Remøy</name>
  <name>Rena</name>
  <name>Renate</name>
  <name>Renathe</name>
  <name>Renbygda</name>
  <name>Rendalen</name>
  <name>Rene</name>
  <name>Rennebu</name>
  <name>Rennesøy</name>
  <name>Rensvik</name>
  <name>Republikken Kongo</name>
  <name>Réunion</name>
  <name>Revetal</name>
  <name>Rigmor</name>
  <name>Rikard</name>
  <name>Rikke</name>
  <name>Rina</name>
  <name>Rindal</name>
  <name>Ringebu</name>
  <name>Ringerike</name>
  <name>Ringsaker</name>
  <name>Ringstad</name>
  <name>Ringvol</name>
  <name>Ringvoll</name>
  <name>Rino</name>
  <name>Risør</name>
  <name>Risøyhamn</name>
  <name>Rjukan</name>
  <name>Roa</name>
  <name>Roald</name>
  <name>Roan</name>
  <name>Roar</name>
  <name>Rogaland</name>
  <name>Rognan</name>
  <name>Rollag</name>
  <name>Rolv</name>
  <name>Romedal</name>
  <name>Ronja</name>
  <name>Rophus</name>
  <name>Rosa</name>
  <name>Rose</name>
  <name>Rosendal</name>
  <name>Rossnes</name>
  <name>Rostadneset</name>
  <name>Rotnes</name>
  <name>Roverud</name>
  <name>Rubbestadneset</name>
  <name>Rudi</name>
  <name>Runa</name>
  <name>Runar</name>
  <name>Russland</name>
  <name>Rut</name>
  <name>Rygge</name>
  <name>Ryggebyen</name>
  <name>Rykene</name>
  <name>Rypefjord</name>
  <name>Rælingen</name>
  <name>Rød</name>
  <name>Rødberg</name>
  <name>Rødøy</name>
  <name>Røldal</name>
  <name>Rømskog</name>
  <name>Røn</name>
  <name>Rønnaug</name>
  <name>Røra stasjon</name>
  <name>Røros</name>
  <name>Rørvik</name>
  <name>Røst</name>
  <name>Røstlandet</name>
  <name>Røyken</name>
  <name>Røyrvik</name>
  <name>Råde</name>
  <name>Råholt</name>
  <name>Råkvågen</name>
  <name>Saba</name>
  <name>Sabine</name>
  <name>Sadia</name>
  <name>Sagvåg</name>
  <name>Sahra</name>
  <name>Said</name>
  <name>Saint Kitts og Nevis</name>
  <name>Saint-Barthélemy</name>
  <name>Saint-Martin</name>
  <name>Saint-Pierre-et-Miquelon</name>
  <name>Salangen</name>
  <name>Salma</name>
  <name>Salomonøyene</name>
  <name>Saltdal</name>
  <name>Samir</name>
  <name>Samnanger</name>
  <name>San Marino</name>
  <name>Sana</name>
  <name>Sand</name>
  <name>Sandane</name>
  <name>Sandbumoen</name>
  <name>Sande</name>
  <name>Sandefjord</name>
  <name>Sandeid</name>
  <name>Sander</name>
  <name>Sandnes</name>
  <name>Sandnessjøen</name>
  <name>Sandve</name>
  <name>Sandvika</name>
  <name>Sandvoll</name>
  <name>Sandøy</name>
  <name>Sandøya</name>
  <name>Sanna</name>
  <name>Sanne</name>
  <name>São Tomé og Príncipe</name>
  <name>Sarpsborg</name>
  <name>Sauda</name>
  <name>Saudi-Arabia</name>
  <name>Sauherad</name>
  <name>Segalstad bru</name>
  <name>Seim</name>
  <name>Seimsdalen</name>
  <name>Seimsfoss</name>
  <name>Sekkingstad</name>
  <name>Sel</name>
  <name>Selbekken</name>
  <name>Selbu</name>
  <name>Selina</name>
  <name>Selje</name>
  <name>Seljord</name>
  <name>Selvik</name>
  <name>Sem</name>
  <name>Senjehopen</name>
  <name>Sentral-Afrika</name>
  <name>Sentral-Asia</name>
  <name>Serina</name>
  <name>Serine</name>
  <name>Sessvollmoen</name>
  <name>Setermoen</name>
  <name>Severin</name>
  <name>Seychellene</name>
  <name>Sidsel</name>
  <name>Sigbjørn</name>
  <name>Sigdal</name>
  <name>Sigerfjord</name>
  <name>Sigfred</name>
  <name>Sigfrid</name>
  <name>Siggerud</name>
  <name>Signy</name>
  <name>Sigrid</name>
  <name>Sigrun</name>
  <name>Sigrunn</name>
  <name>Sigurd</name>
  <name>Sigvald</name>
  <name>Sigvart</name>
  <name>Sigve</name>
  <name>Silja</name>
  <name>Siljan</name>
  <name>Silje</name>
  <name>Silje Marie</name>
  <name>Silsand</name>
  <name>Silvalen</name>
  <name>Simen</name>
  <name>Simona</name>
  <name>Sina</name>
  <name>Sindre</name>
  <name>Singapore</name>
  <name>Sint Maarten</name>
  <name>Sira</name>
  <name>Sirdal</name>
  <name>Siren</name>
  <name>Sirevåg</name>
  <name>Siril</name>
  <name>Sissel</name>
  <name>Sistranda</name>
  <name>Siur</name>
  <name>Siv</name>
  <name>Sivert</name>
  <name>Siw</name>
  <name>Sjur</name>
  <name>Sjøholt</name>
  <name>Sjøvegan</name>
  <name>Sjåstad</name>
  <name>Skarde</name>
  <name>Skarnes</name>
  <name>Skarpengland</name>
  <name>Skatval</name>
  <name>Skaun</name>
  <name>Skedsmo</name>
  <name>Skei</name>
  <name>Skei-Surnadalsøra</name>
  <name>Ski</name>
  <name>Skibotn</name>
  <name>Skien</name>
  <name>Skiptvet</name>
  <name>Skivika</name>
  <name>Skjalg</name>
  <name>Skjeberg</name>
  <name>Skjeggestadåsen</name>
  <name>Skjelnan</name>
  <name>Skjervøy</name>
  <name>Skjold</name>
  <name>Skjærhalden</name>
  <name>Skjønhaug</name>
  <name>Skjåk</name>
  <name>Skodje</name>
  <name>Skoge</name>
  <name>Skogmo</name>
  <name>Skogn</name>
  <name>Skogrand</name>
  <name>Skogsvågen</name>
  <name>Skomrak</name>
  <name>Skoppum</name>
  <name>Skotbu</name>
  <name>Skotselv</name>
  <name>Skotterud</name>
  <name>Skre</name>
  <name>Skreia</name>
  <name>Skudeneshavn</name>
  <name>Skulestadmoen</name>
  <name>Skytterhusfjellet</name>
  <name>Skålevik</name>
  <name>Skånevik</name>
  <name>Skånland</name>
  <name>Slemsrud</name>
  <name>Sletta</name>
  <name>Slettebrotane</name>
  <name>Slevik</name>
  <name>Slidre</name>
  <name>Slitu</name>
  <name>Slovakia</name>
  <name>Slovenia</name>
  <name>Slåttevik</name>
  <name>Smestad</name>
  <name>Smøla</name>
  <name>Småland</name>
  <name>Snefrid</name>
  <name>Sneltvedt</name>
  <name>Snillfjord</name>
  <name>Snorre</name>
  <name>Snurråsen</name>
  <name>Snåsa</name>
  <name>Sogn og Fjordane</name>
  <name>Sogndal</name>
  <name>Sogndalsfjøra</name>
  <name>Sokna</name>
  <name>Sokndal</name>
  <name>Soknedal</name>
  <name>Sol</name>
  <name>Sola</name>
  <name>Solbjørg</name>
  <name>Solerød</name>
  <name>Solfjellsjyen</name>
  <name>Solfrid</name>
  <name>Solgunn</name>
  <name>Solrun</name>
  <name>Solsletta</name>
  <name>Solund</name>
  <name>Solveig</name>
  <name>Solveig Marie</name>
  <name>Solvor</name>
  <name>Solvår</name>
  <name>Solzjenitsyn</name>
  <name>Sommarøy</name>
  <name>Sondre</name>
  <name>Songdalen</name>
  <name>Sortland</name>
  <name>Spania</name>
  <name>Sparbu</name>
  <name>Spetalen</name>
  <name>Spillum</name>
  <name>Spongdal</name>
  <name>Sponvika</name>
  <name>Spydeberg</name>
  <name>St. Helena</name>
  <name>St. Lucia</name>
  <name>St. Vincent og Grenadinene</name>
  <name>Stamsund</name>
  <name>Stange</name>
  <name>Stanghelle</name>
  <name>Stavanger</name>
  <name>Stavern</name>
  <name>Stavsjø</name>
  <name>Steffen</name>
  <name>Steigen</name>
  <name>Stein Erik</name>
  <name>Steinar</name>
  <name>Steinkjer</name>
  <name>Steinshamn</name>
  <name>Steinsåsen</name>
  <name>Steinvåg</name>
  <name>Sten</name>
  <name>Stenebyen</name>
  <name>Stian</name>
  <name>Stig</name>
  <name>Stikkaåsen</name>
  <name>Stina</name>
  <name>Stine</name>
  <name>Stjørdal</name>
  <name>Stjørdalshalsen</name>
  <name>Stokke</name>
  <name>Stokmarknes</name>
  <name>Storbakken</name>
  <name>Storbritannia</name>
  <name>Stord</name>
  <name>Stordal</name>
  <name>Storebø</name>
  <name>Stor-Elvdal</name>
  <name>Storfjord</name>
  <name>Storforshei</name>
  <name>Storsand</name>
  <name>Storslett</name>
  <name>Storsteinnes</name>
  <name>Storås</name>
  <name>Strand</name>
  <name>Stranda</name>
  <name>Straumen</name>
  <name>Straumgjerde</name>
  <name>Stryn</name>
  <name>Strømsnes</name>
  <name>Sture</name>
  <name>Sturla</name>
  <name>Støren</name>
  <name>Ståle</name>
  <name>Sula</name>
  <name>Suldal</name>
  <name>Sulitjelma</name>
  <name>Sund</name>
  <name>Sundbyfoss</name>
  <name>Sunde</name>
  <name>Sundgot</name>
  <name>Sundvollen</name>
  <name>Sunndal</name>
  <name>Sunndalsøra</name>
  <name>Sunniva</name>
  <name>Surinam</name>
  <name>Surnadal</name>
  <name>Susann</name>
  <name>Susanne</name>
  <name>Svalbard og Jan Mayen</name>
  <name>Svalia</name>
  <name>Svanhild</name>
  <name>Svarstad</name>
  <name>Sveggen</name>
  <name>Svein</name>
  <name>Svein Arne</name>
  <name>Svein Erik</name>
  <name>Svein Olav</name>
  <name>Svein-Erik</name>
  <name>Sveinung</name>
  <name>Sveio</name>
  <name>Sveits</name>
  <name>Svelgen</name>
  <name>Svelvik</name>
  <name>Sven</name>
  <name>Svend</name>
  <name>Svene</name>
  <name>Svenevik</name>
  <name>Svenn</name>
  <name>Svennevik</name>
  <name>Sverre</name>
  <name>Sviland</name>
  <name>Svinndal</name>
  <name>Svolvær</name>
  <name>Svorkmo</name>
  <name>Svortland</name>
  <name>Svøo</name>
  <name>Syed</name>
  <name>Sykkylven</name>
  <name>Sylling</name>
  <name>Sylte</name>
  <name>Sylvi</name>
  <name>Sylwia</name>
  <name>Synne</name>
  <name>Synneva</name>
  <name>Synnøve</name>
  <name>Synøve</name>
  <name>Syria</name>
  <name>Sysle</name>
  <name>Syver</name>
  <name>Sæbøvik</name>
  <name>Sætre</name>
  <name>Søfteland</name>
  <name>Søgne</name>
  <name>Sølve</name>
  <name>Sølvi</name>
  <name>Sømna</name>
  <name>Søndre Land</name>
  <name>Sønsterud</name>
  <name>Sør-Afrika</name>
  <name>Sør-Amerika</name>
  <name>Sør-Asia</name>
  <name>Sør-Aurdal</name>
  <name>Sørbygdafeltet</name>
  <name>Søre Øyane</name>
  <name>Søren</name>
  <name>Sør-Europa</name>
  <name>Sørfold</name>
  <name>Sør-Fron</name>
  <name>Sør-Georgia</name>
  <name>Sør-Georgia og Sør-Sandwichøyene</name>
  <name>Sørkjosen</name>
  <name>Sør-Korea</name>
  <name>Sørland</name>
  <name>Sørlige Afrika</name>
  <name>Sør-Odal</name>
  <name>Sørreisa</name>
  <name>Sør-Sandwichøyene</name>
  <name>Sør-Sudan</name>
  <name>Sør-Trøndelag</name>
  <name>Sørum</name>
  <name>Sørumsand</name>
  <name>Sør-Varanger</name>
  <name>Sørvågen</name>
  <name>Sørøst-Asia</name>
  <name>Søvik</name>
  <name>Sånum</name>
  <name>Såstadbråten</name>
  <name>Tadsjikistan</name>
  <name>Tage</name>
  <name>Tale</name>
  <name>Talvik</name>
  <name>Tana</name>
  <name>Tana Bru</name>
  <name>Tanem</name>
  <name>Tangen</name>
  <name>Tarald</name>
  <name>Tarjei</name>
  <name>Tatjana</name>
  <name>Tau</name>
  <name>Tea</name>
  <name>Teigebyen</name>
  <name>Telemark</name>
  <name>Tennevoll</name>
  <name>Teodor</name>
  <name>Terese</name>
  <name>Terje</name>
  <name>Terråk</name>
  <name>Thale</name>
  <name>Thanh</name>
  <name>Thea</name>
  <name>Therese</name>
  <name>Thi</name>
  <name>Thora</name>
  <name>Thoralf</name>
  <name>Thorbjørn</name>
  <name>Thordis</name>
  <name>Thore</name>
  <name>Thorleif</name>
  <name>Thormod</name>
  <name>Thorstein</name>
  <name>Thorvald</name>
  <name>Thu</name>
  <name>Thuy</name>
  <name>Tilde</name>
  <name>Time</name>
  <name>Timor-Leste</name>
  <name>Tine</name>
  <name>Tingnes</name>
  <name>Tingvoll</name>
  <name>Tingvollvågen</name>
  <name>Tinn</name>
  <name>Tinn austbygd</name>
  <name>Tiril</name>
  <name>Tirill</name>
  <name>Tjeldsund</name>
  <name>Tjøme</name>
  <name>Tjørvåg</name>
  <name>Tjøtta</name>
  <name>Toft</name>
  <name>Tofte</name>
  <name>Tokke</name>
  <name>Tolga</name>
  <name>Tolstoj</name>
  <name>Tom Erik</name>
  <name>Tomas</name>
  <name>Tomb</name>
  <name>Tom-Erik</name>
  <name>Tomine</name>
  <name>Tomra</name>
  <name>Tomter</name>
  <name>Tomteråsen</name>
  <name>Tone</name>
  <name>Tonje</name>
  <name>Tonny</name>
  <name>Tonstad</name>
  <name>Tor Arne</name>
  <name>Tor Erik</name>
  <name>Tora</name>
  <name>Toralf</name>
  <name>Tor-Arne</name>
  <name>Torben</name>
  <name>Torbjørg</name>
  <name>Torbjørn</name>
  <name>Tord</name>
  <name>Tordis</name>
  <name>Tore</name>
  <name>Tor-Erik</name>
  <name>Torfinn</name>
  <name>Torgeir</name>
  <name>Torger</name>
  <name>Torget</name>
  <name>Torgrim</name>
  <name>Torgunn</name>
  <name>Torhaug</name>
  <name>Torhild</name>
  <name>Toril</name>
  <name>Torild</name>
  <name>Torill</name>
  <name>Torje</name>
  <name>Torjus</name>
  <name>Torkel</name>
  <name>Torkil</name>
  <name>Torkild</name>
  <name>Torleif</name>
  <name>Torleiv</name>
  <name>Tormod</name>
  <name>Tornes</name>
  <name>Torodd</name>
  <name>Torolf</name>
  <name>Torpo</name>
  <name>Torsken</name>
  <name>Torstein</name>
  <name>Torsteinsvik</name>
  <name>Torun</name>
  <name>Torunn</name>
  <name>Torvald</name>
  <name>Torvik</name>
  <name>Torvika</name>
  <name>Torvikbukt</name>
  <name>Tosten</name>
  <name>Tove</name>
  <name>Tranby</name>
  <name>Tranøy</name>
  <name>Tretten</name>
  <name>Trine</name>
  <name>Trine Lise</name>
  <name>Trine-Lise</name>
  <name>Trinidad og Tobago</name>
  <name>Tristan da Cunha</name>
  <name>Trofors</name>
  <name>Trolla</name>
  <name>Trolldalen</name>
  <name>Troms</name>
  <name>Tromsdalen</name>
  <name>Tromsø</name>
  <name>Tron</name>
  <name>Trond</name>
  <name>Trondheim</name>
  <name>Trones</name>
  <name>Trude</name>
  <name>Truls</name>
  <name>Trygve</name>
  <name>Trym</name>
  <name>Trysil</name>
  <name>Træna</name>
  <name>Trøa</name>
  <name>Trøgstad</name>
  <name>Trømborg</name>
  <name>Trøndelag</name>
  <name>Tsjad</name>
  <name>Tsjajkovskij</name>
  <name>Tsjekkia</name>
  <name>Tunisia</name>
  <name>Turi</name>
  <name>Turid</name>
  <name>Turkmenistan</name>
  <name>Turks- og Caicosøyene</name>
  <name>Tuva</name>
  <name>Tvedestrand</name>
  <name>Tveit</name>
  <name>Tveitsund</name>
  <name>Tverrelvdalen</name>
  <name>Tveteneåsen</name>
  <name>Tydal</name>
  <name>Tynset</name>
  <name>Tyristrand</name>
  <name>Tyrkia</name>
  <name>Tysfjord</name>
  <name>Tyskland</name>
  <name>Tysnes</name>
  <name>Tyssedal</name>
  <name>Tysvær</name>
  <name>Tælavåg</name>
  <name>Tønnes</name>
  <name>Tønsberg</name>
  <name>Ubergsmoen</name>
  <name>Uggdalseidet</name>
  <name>Ukraina</name>
  <name>Ulefoss</name>
  <name>Ulf</name>
  <name>Ullensaker</name>
  <name>Ullensvang</name>
  <name>Ulrik</name>
  <name>Ulrikke</name>
  <name>Ulstein</name>
  <name>Ulsteinvik</name>
  <name>Ulvik</name>
  <name>Una</name>
  <name>Undheim</name>
  <name>Ungarn</name>
  <name>Unn</name>
  <name>Unni</name>
  <name>USA</name>
  <name>USAs ytre øyer</name>
  <name>Usbekistan</name>
  <name>Uskedal</name>
  <name>Utgård</name>
  <name>Uthaug</name>
  <name>Utsira</name>
  <name>Vadfoss</name>
  <name>Vadsø</name>
  <name>Vaksdal</name>
  <name>Valborg</name>
  <name>Valen</name>
  <name>Valestrandfossen</name>
  <name>Valle</name>
  <name>Vang</name>
  <name>Vangsvik</name>
  <name>Vangsåsen</name>
  <name>Vanja</name>
  <name>Vanse</name>
  <name>Vanvikan</name>
  <name>Vanylven</name>
  <name>Vardø</name>
  <name>Varhaug</name>
  <name>Vassenden</name>
  <name>Vassøy</name>
  <name>Vatikanstaten</name>
  <name>Vatne</name>
  <name>Vear</name>
  <name>Vebjørn</name>
  <name>Vefsn</name>
  <name>Vega</name>
  <name>Vegar</name>
  <name>Vegard</name>
  <name>Veggli</name>
  <name>Vegårshei</name>
  <name>Velde</name>
  <name>Vemund</name>
  <name>Venche</name>
  <name>Venke</name>
  <name>Vennesla</name>
  <name>Vera</name>
  <name>Verdal</name>
  <name>Verdalen</name>
  <name>Verdalsøra</name>
  <name>Verningen</name>
  <name>Verran</name>
  <name>Veslemøy</name>
  <name>Vest-Afrika</name>
  <name>Vest-Agder</name>
  <name>Vest-Asia</name>
  <name>Vestby</name>
  <name>Vestbygda</name>
  <name>Vest-Europa</name>
  <name>Vestfold</name>
  <name>Vestfossen</name>
  <name>Vestnes</name>
  <name>Vestre Jakobselv</name>
  <name>Vestre Slidre</name>
  <name>Vestre Toten</name>
  <name>Vest-Sahara</name>
  <name>Vestvågøy</name>
  <name>Vetle</name>
  <name>Vevelstad</name>
  <name>Vibecke</name>
  <name>Vibeke</name>
  <name>Vida</name>
  <name>Vidar</name>
  <name>Vigdis</name>
  <name>Vigeland</name>
  <name>Viggja</name>
  <name>Vigrestad</name>
  <name>Vik</name>
  <name>Vikavågen</name>
  <name>Vikebø</name>
  <name>Vikedal</name>
  <name>Vikersund</name>
  <name>Vikeså</name>
  <name>Vikevåg</name>
  <name>Vikna</name>
  <name>Viksjord</name>
  <name>Viksøyri</name>
  <name>Viktoria</name>
  <name>Viktorija</name>
  <name>Vikvågen</name>
  <name>Vikøy</name>
  <name>Vilde</name>
  <name>Vilhelm</name>
  <name>Vilja</name>
  <name>Viljar</name>
  <name>Villy</name>
  <name>Vilma</name>
  <name>Vindafjord</name>
  <name>Vingnes</name>
  <name>Vingrom</name>
  <name>Vinje</name>
  <name>Vinstra</name>
  <name>Viola</name>
  <name>Visnes</name>
  <name>Vivi</name>
  <name>Volda</name>
  <name>Voll</name>
  <name>Volleberg</name>
  <name>Vollen</name>
  <name>Vormsund</name>
  <name>Voss</name>
  <name>Vossevangen</name>
  <name>Vuku</name>
  <name>Værøy</name>
  <name>Vågan</name>
  <name>Våge</name>
  <name>Vågsvåg</name>
  <name>Vågsøy</name>
  <name>Vågå</name>
  <name>Vågåmo</name>
  <name>Våk</name>
  <name>Våler</name>
  <name>Vår</name>
  <name>Våre</name>
  <name>Vårin</name>
  <name>Wallis og Futuna</name>
  <name>Wanja</name>
  <name>Wenche</name>
  <name>Wencke</name>
  <name>Wenke</name>
  <name>Weronika</name>
  <name>Widar</name>
  <name>Wigdis</name>
  <name>Wiggo</name>
  <name>Wiktoria</name>
  <name>Yasmin</name>
  <name>Ydstebøhamn</name>
  <name>Yli</name>
  <name>Ylva</name>
  <name>Yngvar</name>
  <name>Yngve</name>
  <name>Yngvild</name>
  <name>Ytre Enebakk</name>
  <name>Ytre Oseania</name>
  <name>Yusuf</name>
  <name>Zahra</name>
  <name>Zainab</name>
  <name>Zuzanna</name>
  <name>Øistein</name>
  <name>Øivind</name>
  <name>Øksfjord</name>
  <name>Øksnes</name>
  <name>Ølen</name>
  <name>Ølensvåg</name>
  <name>Ørjan</name>
  <name>Ørje</name>
  <name>Ørland</name>
  <name>Ørnes</name>
  <name>Ørnulf</name>
  <name>Ørskog</name>
  <name>Ørsta</name>
  <name>Øst-Afrika</name>
  <name>Øst-Asia</name>
  <name>Østenstad</name>
  <name>Østerrike</name>
  <name>Østersund</name>
  <name>Øst-Europa</name>
  <name>Østfold</name>
  <name>Østhusvik</name>
  <name>Østre Toten</name>
  <name>Øst-Timor</name>
  <name>Øverbø</name>
  <name>Øvre Eiker</name>
  <name>Øvre Årdal</name>
  <name>Øyenkilen</name>
  <name>Øyer</name>
  <name>Øygarden</name>
  <name>Øyslebø</name>
  <name>Øystein</name>
  <name>Øystese</name>
  <name>Øystre Slidre</name>
  <name>Øyvin</name>
  <name>Øyvind</name>
  <name>Å i Åfjord</name>
  <name>Ådalsbruk</name>
  <name>Ådne</name>
  <name>Åfjord</name>
  <name>Åge</name>
  <name>Ågot</name>
  <name>Ågotnes</name>
  <name>Åkrehamn</name>
  <name>Åkrene</name>
  <name>Åland</name>
  <name>Ålesund</name>
  <name>Ålgård</name>
  <name>Ålvik</name>
  <name>Åmli</name>
  <name>Åmot</name>
  <name>Åndalsnes</name>
  <name>Åneby</name>
  <name>Årdal</name>
  <name>Årdalstangen</name>
  <name>Årnes</name>
  <name>Årnset</name>
  <name>Åros</name>
  <name>Årset</name>
  <name>Årøysund</name>
  <name>Årås</name>
  <name>Ås</name>
  <name>Åsa</name>
  <name>Åse</name>
  <name>Åse Marie</name>
  <name>Åsen</name>
  <name>Åseral</name>
  <name>Åsgrenda</name>
  <name>Åsgårdstrand</name>
  <name>Åshild</name>
  <name>Åslaug</name>
  <name>Åsmund</name>
  <name>Åsne</name>
  <name>Åsnes</name>
  <name>Åsta</name>
</names>